relative_pitch,lyric
-2.0,きっ
5.0,と
2.0,と
3.0,べ
5.0,ば
5.0,そ
3.0,ら
2.0,ま
0.0,で
2.0,と
3.0,ど
2.0,く
5.0,お
-2.0,お
-2.0,き
-2.0,な
-2.0,こ
3.0,の
5.0,せ
0.0,え
0.0,か
0.0,い
0.0,い
0.0,ま
5.0,き
3.0,み
2.0,の
3.0,も
2.0,の
-2.0,ゆ
-2.0,れ
5.0,て
2.0,か
3.0,わ
5.0,る
5.0,す
3.0,が
2.0,た
0.0,み
2.0,せ
3.0,た
2.0,い
-3.0,お
-2.0,べい
-2.0,び
0.0,べい
-2.0,び
2.0,すてい
0.0,うぃず
-2.0,み
-4.0,れっつ
-2.0,ご
-2.0,ずっ
-2.0,と
-7.0,お
0.0,も
-2.0,おっ
-3.0,て
-2.0,た
-4.0,ね
-4.0,が
-4.0,い
-5.0,わ
-5.0,い
-1.0,ち
2.0,ど
2.0,は
3.0,な
-5.0,し
-2.0,た
-2.0,ら
2.0,く
3.0,ず
-5.0,れ
-2.0,て
-3.0,く
-2.0,しゅん
-2.0,かん
-7.0,む
0.0,か
-2.0,い
-3.0,か
-2.0,ぜ
-4.0,だ
-4.0,れ
-4.0,も
-5.0,し
-5.0,ら
-1.0,な
2.0,い
2.0,あ
3.0,し
-5.0,あ
-2.0,と
-2.0,お
2.0,き
3.0,ず
-5.0,か
-2.0,せ
-3.0,る
2.0,き
-3.0,み
-7.0,と
2.0,で
3.0,あ
2.0,う
0.0,だ
-2.0,け
-2.0,で
-2.0,せ
0.0,か
2.0,い
0.0,わ
-5.0,い
3.0,ろ
2.0,お
-3.0,つ
0.0,け
-2.0,る
0.0,そ
-3.0,の
-2.0,ほ
0.0,ほ
-3.0,え
-2.0,み
0.0,が
-3.0,あ
-2.0,る
0.0,の
2.0,な
0.0,ら
-7.0,ひ
-2.0,と
-2.0,り
0.0,き
5.0,り
0.0,じゃ
3.0,な
2.0,い
-2.0,よ
2.0,ど
3.0,こ
0.0,ま
4.0,で
0.0,も
4.0,ま
5.0,も
3.0,り
2.0,た
0.0,い
-2.0,きっ
5.0,と
2.0,と
3.0,べ
5.0,ば
5.0,そ
3.0,ら
2.0,ま
0.0,で
2.0,と
3.0,ど
2.0,く
5.0,お
-2.0,お
-2.0,き
-2.0,な
-2.0,こ
3.0,の
5.0,せ
0.0,え
0.0,か
0.0,い
0.0,い
0.0,ま
5.0,き
3.0,み
2.0,の
3.0,も
2.0,の
-2.0,ゆ
-2.0,れ
5.0,て
2.0,か
3.0,わ
5.0,る
5.0,す
3.0,が
2.0,た
0.0,み
2.0,せ
3.0,た
2.0,い
-3.0,お
-2.0,べい
-2.0,び
0.0,べい
-2.0,び
2.0,すてい
0.0,うぃず
-2.0,み
-4.0,れっつ
-2.0,ご
0.0,き
2.0,え
5.0,る
4.0,こ
-1.0,と
2.0,の
0.0,な
0.0,い
4.0,ゆ
7.0,め
7.0,が
0.0,あ
0.0,る
9.0,こ
7.0,と
0.0,し
2.0,ん
4.0,じ
4.0,て
5.0,い
2.0,る
0.0,い
-1.0,つ
-3.0,ま
-1.0,で
0.0,も
-5.0,ろ
0.0,お
0.0,ふぁ
-5.0,な
-5.0,ら
2.0,し
2.0,て
0.0,か
0.0,ぜ
-1.0,お
0.0,お
2.0,い
4.0,こ
-1.0,せ
-1.0,ば
0.0,きゅ
-1.0,ん
0.0,と
2.0,つ
0.0,め
-5.0,た
-5.0,い
-7.0,あ
-8.0,き
-7.0,の
-5.0,ゆ
-3.0,う
-5.0,ぐ
-5.0,れ
-5.0,あ
0.0,か
0.0,い
-5.0,せ
-5.0,ろ
2.0,ふぁ
2.0,ん
0.0,ら
0.0,む
-1.0,ね
0.0,お
2.0,ひ
4.0,と
-1.0,つ
-1.0,ぶ
0.0,く
-1.0,ち
0.0,に
2.0,い
0.0,れ
-5.0,た
-5.0,ら
0.0,た
2.0,ち
4.0,ま
5.0,ち
2.0,と
0.0,け
2.0,た
4.0,あ
2.0,と
0.0,な
-1.0,ん
0.0,ど
4.0,こ
2.0,お
0.0,や
-1.0,っ
0.0,て
4.0,お
2.0,な
0.0,じ
-1.0,ゆ
0.0,う
-3.0,や
0.0,け
2.0,ぞ
0.0,ら
9.0,お
-3.0,わ
0.0,け
5.0,あ
4.0,え
2.0,る
0.0,か
2.0,な
-3.0,せ
4.0,つ
4.0,な
5.0,い
2.0,よ
-5.0,う
0.0,ま
5.0,れ
4.0,て
4.0,わ
0.0,き
2.0,え
5.0,る
4.0,あ
-1.0,わ
2.0,の
0.0,よ
0.0,な
4.0,ひ
7.0,び
7.0,に
0.0,ま
9.0,よ
7.0,い
0.0,く
2.0,じ
4.0,け
4.0,そ
5.0,な
2.0,ひ
0.0,に
2.0,わ
-5.0,す
0.0,こ
5.0,し
4.0,ず
4.0,つ
0.0,く
2.0,れ
5.0,て
4.0,ゆ
-1.0,く
2.0,そ
0.0,ら
0.0,に
-1.0,さ
0.0,く
4.0,い
7.0,ち
7.0,ば
0.0,ん
0.0,ぼ
9.0,し
7.0,に
0.0,つ
2.0,よ
4.0,く
4.0,ね
5.0,が
2.0,う
0.0,ふぉ
-1.0,え
-3.0,ば
-1.0,ど
0.0,りむ
5.0,い
5.0,ま
3.0,よ
1.0,り
3.0,も
1.0,つ
1.0,よ
0.0,く
1.0,な
0.0,り
-2.0,た
-4.0,い
-2.0,た
0.0,だ
1.0,ひ
5.0,と
0.0,つ
5.0,の
5.0,ね
3.0,が
3.0,い
1.0,む
1.0,ね
3.0,に
1.0,さ
0.0,く
0.0,ほ
-2.0,の
-2.0,お
-7.0,な
-6.0,に
-4.0,も
-4.0,で
-4.0,き
-6.0,な
-7.0,か
-9.0,っ
-9.0,た
-7.0,ひ
-7.0,に
-7.0,む
-6.0,ね
-4.0,の
-4.0,ち
-4.0,か
-6.0,い
-7.0,わ
-9.0,う
-9.0,ま
-7.0,れ
-7.0,た
-7.0,け
-6.0,し
-4.0,て
-4.0,も
-4.0,お
-6.0,に
-7.0,げ
-6.0,だ
-4.0,さ
1.0,な
0.0,い
-4.0,と
-4.0,た
-4.0,だ
-7.0,ひ
-6.0,た
-4.0,す
-2.0,ら
-2.0,ま
-2.0,え
-3.0,お
-3.0,む
-2.0,く
0.0,と
-2.0,き
-2.0,ず
-2.0,つ
-2.0,き
-2.0,た
-4.0,お
-6.0,れ
0.0,ま
0.0,た
0.0,た
0.0,ち
0.0,あ
-2.0,が
-4.0,る
0.0,あ
-2.0,き
0.0,ら
-2.0,め
0.0,な
1.0,ど
3.0,し
3.0,ら
3.0,ぬ
1.0,も
0.0,の
1.0,に
1.0,は
3.0,る
5.0,わ
1.0,な
1.0,ん
3.0,ど
1.0,で
5.0,も
-2.0,こ
0.0,の
1.0,さ
5.0,き
0.0,に
5.0,な
5.0,に
3.0,が
1.0,あ
3.0,る
1.0,み
1.0,え
0.0,な
1.0,く
0.0,て
-2.0,い
-4.0,い
-2.0,い
0.0,ち
1.0,ず
5.0,な
0.0,ま
5.0,な
5.0,ざ
3.0,し
3.0,が
1.0,ほ
1.0,の
3.0,お
1.0,お
0.0,と
0.0,も
-2.0,す
-2.0,よ
0.0,あ
1.0,い
3.0,ど
0.0,ろ
1.0,い
3.0,ど
0.0,や
6.0,け
5.0,に
0.0,ま
3.0,じっ
1.0,ぽ
0.0,い
1.0,ぞ
1.0,し
1.0,め
1.0,き
1.0,り
1.0,は
1.0,り
1.0,き
1.0,り
0.0,ほ
0.0,お
3.0,てい
0.0,し
-2.0,き
0.0,そう
1.0,やっ
0.0,ぱ
1.0,ふ
0.0,し
-2.0,ぎ
-4.0,へ
5.0,こ
3.0,ん
1.0,で
0.0,も
0.0,そ
-2.0,く
1.0,はっ
0.0,ぴ
-5.0,だ
3.0,め
1.0,も
0.0,と
-2.0,で
0.0,けっ
1.0,か
3.0,らっ
5.0,き
-4.0,あ
-2.0,な
0.0,た
-2.0,の
0.0,た
1.0,め
3.0,の
1.0,わ
0.0,た
1.0,し
0.0,あ
1.0,い
3.0,ど
0.0,ろい
-4.0,ど
0.0,み
0.0,ぎ
-2.0,あ
1.0,げ
0.0,て
0.0,ひ
0.0,だ
-2.0,り
1.0,あ
0.0,げ
-2.0,て
0.0,み
0.0,ぎ
-2.0,さ
1.0,げ
0.0,て
0.0,ひ
0.0,だ
-2.0,り
1.0,さ
0.0,げ
-2.0,ない
-7.0,き
-7.0,どう
-7.0,かん
-7.0,りょう
-7.0,あ
-4.0,な
-5.0,た
-7.0,わ
-9.0,だ
-12.0,あ
-7.0,れ
-9.0,さ
-12.0,あ
-7.0,ね
-7.0,ふ
-7.0,し
-7.0,もん
-7.0,にん
-7.0,しょう
0.0,ふ
-2.0,れ
-4.0,ら
-5.0,れ
-9.0,た
-7.0,ら
-4.0,ど
-7.0,き
0.0,ど
-7.0,き
-7.0,き
-7.0,ほん
-7.0,せっ
-7.0,てい
-7.0,ご
-4.0,よ
-5.0,う
-7.0,わ
-9.0,な
-12.0,あ
-7.0,に
-9.0,だ
-12.0,あ
-7.0,りん
-7.0,わっとぅ
-7.0,にん
-7.0,む
-7.0,すい
-7.0,こう
0.0,の
-2.0,ぞ
-4.0,む
-5.0,ま
-9.0,ま
-7.0,に
-4.0,お
-7.0,き
0.0,ど
-7.0,き
0.0,ぶ
0.0,れ
-4.0,ざ
0.0,お
0.0,あ
-4.0,せ
0.0,え
0.0,ら
-2.0,あ
1.0,ふ
0.0,く
-2.0,あ
-2.0,わ
-5.0,せ
-2.0,る
-2.0,な
-5.0,ら
-2.0,はい
-2.0,そ
1.0,お
1.0,あ
0.0,に
-2.0,そ
0.0,どっ
-4.0,ち
0.0,こっ
-4.0,ち
3.0,ゆ
1.0,う
0.0,じゅ
-2.0,う
-2.0,ふ
-4.0,だん
-2.0,で
-4.0,も
0.0,い
-2.0,じゃん
0.0,あ
1.0,い
3.0,ど
0.0,ろ
1.0,い
3.0,ど
0.0,な
6.0,ん
5.0,か
0.0,ら
3.0,ぶっ
1.0,ぽ
0.0,い
1.0,ぞ
1.0,と
1.0,び
1.0,き
1.0,り
1.0,ゆ
1.0,び
1.0,き
1.0,り
0.0,ふ
0.0,た
3.0,り
0.0,き
-2.0,り
0.0,も
1.0,こ
0.0,れ
1.0,っ
0.0,き
-2.0,り
0.0,あ
1.0,い
3.0,も
0.0,こ
1.0,い
3.0,も
0.0,そ
6.0,の
5.0,さ
0.0,き
3.0,も
1.0,も
0.0,っ
1.0,と
1.0,な
1.0,ん
1.0,で
1.0,も
1.0,か
1.0,ん
1.0,で
1.0,も
0.0,お
0.0,し
3.0,え
0.0,て
-2.0,よ
0.0,ね
1.0,い
0.0,い
1.0,ん
0.0,で
-2.0,しょ
-4.0,な
5.0,や
3.0,ん
1.0,で
0.0,も
0.0,そ
-2.0,く
1.0,どん
0.0,まい
-5.0,しっ
3.0,ぱい
1.0,し
0.0,て
-2.0,も
0.0,けっ
1.0,か
3.0,お
5.0,らい
-4.0,あ
-2.0,な
0.0,た
-2.0,が
0.0,つ
1.0,く
3.0,る
1.0,わ
0.0,た
1.0,し
0.0,あ
1.0,い
3.0,ど
0.0,ろい
-4.0,ど
-2.0,き
0.0,み
2.0,が
5.0,い
0.0,ま
-2.0,ぼ
0.0,く
2.0,お
0.0,さ
-2.0,さ
-3.0,え
-5.0,て
-2.0,ぼ
0.0,く
2.0,が
5.0,い
0.0,ま
-3.0,き
-2.0,み
0.0,お
0.0,さ
0.0,さ
2.0,え
5.0,る
-3.0,だ
-2.0,か
0.0,ら
2.0,ま
5.0,よ
0.0,い
-2.0,な
0.0,が
2.0,ら
0.0,も
-2.0,と
-3.0,も
-5.0,に
-3.0,い
-2.0,き
0.0,て
2.0,い
-5.0,こ
0.0,う
2.0,よ
0.0,み
-2.0,ら
0.0,い
2.0,え
2.0,と
-5.0,な
-4.0,か
-2.0,ま
-2.0,と
-3.0,た
-2.0,わ
-3.0,む
-5.0,れ
-7.0,そ
-5.0,れ
-5.0,な
-3.0,り
-5.0,で
-3.0,い
-5.0,て
-7.0,も
-5.0,も
-5.0,の
-3.0,た
-2.0,り
-3.0,な
-2.0,さ
0.0,お
2.0,か
0.0,ん
-2.0,じ
-5.0,て
-3.0,し
2.0,ま
5.0,う
-5.0,さ
-5.0,め
-3.0,た
-2.0,め
-2.0,で
-2.0,み
-2.0,ら
-3.0,れ
-5.0,て
-7.0,か
-5.0,わ
-3.0,い
-3.0,た
-5.0,じ
-3.0,だ
-2.0,い
0.0,の
-2.0,か
-3.0,ぜ
-7.0,に
-5.0,ふ
2.0,か
0.0,れ
2.0,て
-7.0,い
-5.0,る
-7.0,あ
1.0,き
0.0,ら
1.0,め
-2.0,き
-2.0,れ
0.0,る
1.0,も
3.0,の
1.0,な
0.0,ら
-4.0,ば
5.0,さ
3.0,い
1.0,しょ
1.0,か
1.0,ら
1.0,きょ
3.0,お
1.0,み
3.0,も
5.0,た
-4.0,ない
-7.0,わ
-6.0,す
5.0,れ
3.0,ら
0.0,れ
-2.0,る
-4.0,も
-7.0,の
3.0,な
1.0,ら
-2.0,ひつ
1.0,よ
3.0,う
3.0,さ
3.0,も
3.0,か
3.0,ん
0.0,じ
5.0,な
3.0,い
1.0,か
0.0,ら
-7.0,ふ
1.0,あ
0.0,ん
1.0,な
-2.0,こ
-2.0,こ
1.0,ろ
3.0,と
1.0,ゆ
3.0,う
5.0,き
5.0,が
3.0,せ
1.0,な
1.0,か
1.0,あ
1.0,わ
3.0,せ
1.0,に
1.0,な
3.0,っ
5.0,て
5.0,る
-7.0,だ
-6.0,け
5.0,ど
3.0,い
0.0,ま
-2.0,な
-3.0,ら
-2.0,ゆ
0.0,め
1.0,お
-2.0,こ
0.0,の
1.0,て
1.0,で
1.0,か
1.0,な
3.0,え
1.0,て
0.0,み
0.0,せ
-2.0,る
-2.0,よ
-2.0,き
0.0,ず
2.0,つ
5.0,い
0.0,て
-2.0,こ
0.0,わ
2.0,れ
0.0,そ
-2.0,な
-3.0,ひ
-5.0,も
-2.0,な
0.0,み
2.0,だ
5.0,し
0.0,て
-3.0,こ
-2.0,ま
0.0,ら
0.0,せ
0.0,る
2.0,ひ
5.0,も
-2.0,あ
0.0,る
2.0,け
5.0,れ
0.0,ど
-2.0,ぼ
0.0,く
2.0,ら
0.0,わ
-2.0,そ
-3.0,れ
-5.0,お
-3.0,こ
-2.0,え
0.0,て
2.0,い
-5.0,くん
2.0,だ
-2.0,だ
0.0,れ
2.0,よ
2.0,り
-3.0,う
-2.0,え
0.0,お
-2.0,め
-3.0,ざ
-7.0,し
-5.0,て
-5.0,つ
-5.0,く
-5.0,え
-4.0,の
-5.0,お
-7.0,く
-9.0,に
-2.0,か
-2.0,く
-2.0,し
0.0,て
-2.0,る
-4.0,の
-5.0,わ
-4.0,きゅ
-9.0,ん
-9.0,と
-4.0,ひ
-9.0,か
-9.0,る
-2.0,は
-4.0,あ
-2.0,と
-4.0,の
-9.0,すと
-7.0,ん
-5.0,ね
0.0,が
2.0,い
3.0,の
2.0,ちゃ
0.0,あ
-5.0,む
-2.0,ひ
-4.0,み
-9.0,つ
-7.0,な
-5.0,の
-5.0,そ
-5.0,れ
-5.0,と
-4.0,ね
-5.0,もう
-7.0,ひ
-9.0,とつ
-2.0,し
-2.0,ま
-2.0,っ
0.0,て
-2.0,る
-4.0,ん
-5.0,だ
-4.0,きゅ
-9.0,ん
-9.0,と
-4.0,な
-9.0,き
-9.0,むし
-2.0,だ
-4.0,め
-2.0,だ
-4.0,め
-9.0,み
-7.0,い
-7.0,あ
-5.0,こ
0.0,が
2.0,れ
3.0,の
2.0,せ
0.0,かい
-5.0,え
-2.0,ゆ
-4.0,く
-9.0,の
-7.0,だ
-7.0,な
-5.0,み
-5.0,だ
-7.0,ほ
-5.0,ろ
-5.0,り
-5.0,こ
0.0,ぼ
2.0,れ
0.0,ちゃ
-5.0,う
-7.0,ひ
-9.0,と
-2.0,し
-9.0,ずく
-2.0,に
-9.0,じ
-9.0,に
-7.0,な
-9.0,れ
0.0,だ
-2.0,け
0.0,ど
0.0,だっ
-2.0,て
0.0,さ
0.0,つ
-2.0,よ
0.0,く
-2.0,な
-4.0,る
-9.0,のっ
-7.0,て
-5.0,む
-2.0,ず
-2.0,か
5.0,し
3.0,い
0.0,だ
-2.0,け
0.0,ど
0.0,だっ
-2.0,て
0.0,さ
3.0,い
3.0,く
5.0,し
3.0,か
-2.0,ない
2.0,じゃんぷ
3.0,せく
3.0,しょん
-2.0,れ
5.0,いん
3.0,ぼ
0.0,は
2.0,じ
3.0,ま
3.0,る
3.0,と
3.0,き
0.0,め
0.0,き
3.0,み
3.0,ら
0.0,い
2.0,か
3.0,が
2.0,や
0.0,き
2.0,たい
3.0,ほ
3.0,し
-2.0,の
2.0,り
0.0,ずむ
-2.0,な
-4.0,な
-5.0,い
-7.0,ろ
-5.0,ま
0.0,ほ
2.0,お
3.0,お
2.0,か
0.0,け
-2.0,よ
3.0,せく
3.0,しょん
-2.0,れ
5.0,いん
3.0,ぼ
0.0,すて
2.0,じ
3.0,ばい
3.0,すてじ
3.0,ず
3.0,っ
0.0,と
3.0,ず
3.0,っ
0.0,と
3.0,も
3.0,っ
0.0,と
3.0,も
3.0,っ
0.0,と
3.0,と
3.0,び
3.0,だ
0.0,そ
3.0,あ
-2.0,し
5.0,た
3.0,え
-2.0,こ
0.0,と
0.0,ば
-2.0,で
0.0,わ
-1.0,い
-4.0,たい
-9.0,お
-7.0,もい
-5.0,と
-2.0,ど
-2.0,か
5.0,な
3.0,い
0.0,だ
-2.0,か
0.0,ら
0.0,ぜん
-2.0,りょ
0.0,く
3.0,や
3.0,る
5.0,し
3.0,か
-2.0,ない
2.0,じゃんぷ
3.0,ず
3.0,っ
0.0,と
3.0,ず
3.0,っ
0.0,と
3.0,も
3.0,っ
0.0,と
3.0,も
3.0,っ
0.0,と
3.0,つ
3.0,ず
0.0,く
3.0,らい
-2.0,らい
5.0,らい
3.0,お
3.0,お
-2.0,き
5.0,く
3.0,て
0.0,お
2.0,ひ
3.0,ろ
3.0,げ
3.0,い
3.0,ろ
0.0,と
0.0,り
3.0,ど
3.0,り
0.0,の
2.0,わ
3.0,お
2.0,え
0.0,がく
2.0,よ
3.0,ぷ
3.0,り
-2.0,てぃ
2.0,り
0.0,ずむ
-2.0,ひ
-4.0,び
-5.0,い
-7.0,て
-7.0,さ
-5.0,い
0.0,り
2.0,う
3.0,む
2.0,の
0.0,な
-2.0,み
3.0,せく
3.0,しょん
-2.0,れ
5.0,いん
3.0,ぼ
0.0,す
2.0,ぷ
3.0,ばい
3.0,すてっぷ
3.0,き
3.0,み
0.0,も
3.0,き
3.0,み
0.0,も
3.0,き
3.0,み
0.0,も
3.0,ぎぶ
3.0,み
0.0,も
3.0,う
3.0,た
0.0,お
3.0,あ
-2.0,し
5.0,た
3.0,え
2.0,ぴん
2.0,く
2.0,の
4.0,ゆ
4.0,に
4.0,こん
2.0,と
2.0,ぶ
2.0,よ
4.0,いしょ
4.0,に
4.0,こ
5.0,さ
5.0,い
4.0,こ
4.0,ろ
4.0,お
2.0,こ
2.0,ろ
2.0,が
4.0,て
5.0,さ
5.0,い
4.0,こ
4.0,ろ
4.0,じ
2.0,は
2.0,と
2.0,よ
0.0,む
5.0,み
5.0,て
4.0,る
4.0,の
4.0,よ
2.0,い
2.0,つ
2.0,だっ
4.0,て
-8.0,す
-7.0,す
-5.0,め
-3.0,あ
-2.0,ばん
-5.0,ちゅ
-7.0,る
0.0,わ
0.0,た
0.0,し
2.0,わ
0.0,ほ
-3.0,ろん
0.0,う
0.0,ちゅ
0.0,う
-2.0,の
-3.0,か
-3.0,け
-3.0,ら
-2.0,だ
-3.0,け
-7.0,ど
-3.0,か
-2.0,ん
0.0,ぜ
-2.0,ん
0.0,な
0.0,み
0.0,だ
2.0,が
0.0,ぽ
-3.0,ろん
0.0,ちょっ
0.0,ぴ
2.0,り
3.0,ま
0.0,じ
-4.0,か
-2.0,る
0.0,てぃん
0.0,てぃん
0.0,こ
0.0,の
0.0,ぽ
2.0,る
0.0,ぼ
-3.0,ろん
0.0,た
0.0,べ
0.0,た
-2.0,ら
-3.0,と
-3.0,な
-3.0,え
-2.0,る
-3.0,の
-7.0,よ
-3.0,お
-2.0,ま
0.0,じ
-2.0,ない
0.0,こ
0.0,た
0.0,え
2.0,が
0.0,ぽ
-3.0,ろん
0.0,はっ
0.0,ぴ
2.0,い
3.0,ま
0.0,じ
-4.0,か
-2.0,る
0.0,てぃん
0.0,てぃん
5.0,さ
5.0,い
4.0,こ
4.0,ろ
4.0,お
2.0,こ
2.0,ろ
2.0,が
4.0,て
5.0,さ
5.0,い
4.0,こ
4.0,ろ
4.0,じ
2.0,は
2.0,と
2.0,よ
0.0,む
5.0,あ
5.0,い
4.0,か
4.0,し
4.0,ら
2.0,どっ
2.0,き
2.0,ど
4.0,き
-8.0,ひ
-7.0,び
-5.0,け
-3.0,あ
-2.0,ばん
-5.0,ちゅ
-7.0,る
-5.0,ぼん
0.0,ぼん
-5.0,お
-2.0,えん
-5.0,だん
-5.0,れっつ
-5.0,げっ
-2.0,ちぇ
-5.0,り
-5.0,ぱい
-5.0,らん
0.0,らん
-5.0,かん
-2.0,げ
-5.0,かい
-5.0,るっ
-5.0,かっぷ
-7.0,せん
-2.0,せ
-5.0,しょん
7.0,はい
-7.0,そん
-2.0,ざい
-5.0,かん
-5.0,てん
-5.0,てん
-7.0,しょう
-2.0,わく
-5.0,せ
0.0,ぶ
0.0,つ
0.0,かっ
0.0,て
0.0,と
0.0,け
0.0,まし
0.0,た
0.0,ぼ
0.0,ぜん
0.0,おお
0.0,い
0.0,に
0.0,う
0.0,たっ
0.0,て
0.0,し
0.0,れん
0.0,じゃ
0.0,もっ
0.0,て
0.0,い
0.0,け
2.0,さい
0.0,ご
0.0,に
-5.0,わ
0.0,らっ
0.0,ちゃ
2.0,う
0.0,の
0.0,わ
-7.0,あ
2.0,た
2.0,し
2.0,の
2.0,は
4.0,ず
0.0,せ
7.0,ら
5.0,ふ
5.0,く
7.0,だ
5.0,か
4.0,ら
0.0,で
2.0,す
2.0,け
4.0,つ
4.0,ろん
0.0,げ
0.0,つ
0.0,よ
0.0,お
0.0,び
2.0,な
0.0,の
0.0,に
-5.0,き
0.0,げん
0.0,わ
2.0,る
0.0,い
0.0,の
-5.0,ど
2.0,お
2.0,す
2.0,る
4.0,よ
0.0,な
0.0,つ
7.0,ふ
5.0,く
5.0,が
7.0,い
5.0,い
4.0,の
0.0,で
2.0,す
2.0,きゃ
4.0,わ
4.0,い
-8.0,ま
-5.0,よ
-8.0,い
-5.0,こん
-5.0,だ
-2.0,お
-2.0,と
-3.0,ぎ
-8.0,の
-5.0,く
-7.0,に
-7.0,わ
-5.0,ふ
-8.0,し
-10.0,ぎ
-10.0,で
-8.0,う
-5.0,れ
-3.0,し
0.0,く
-3.0,せ
-5.0,つ
-8.0,ない
-10.0,の
-12.0,です
-2.0,あ
-2.0,け
-3.0,る
-8.0,じゅ
-5.0,も
-7.0,ん
-7.0,わ
-5.0,は
-8.0,あ
-10.0,も
-10.0,に
-8.0,ひ
-5.0,と
-3.0,り
0.0,じゃ
2.0,す
0.0,す
2.0,め
0.0,な
4.0,い
2.0,の
0.0,です
-2.0,さ
3.0,か
2.0,さ
0.0,ま
-2.0,の
-4.0,ま
3.0,ど
2.0,わ
0.0,すう
-4.0,の
-2.0,て
3.0,お
2.0,とっ
0.0,て
0.0,ひ
-3.0,と
-1.0,つ
0.0,の
2.0,ひ
0.0,か
2.0,り
0.0,に
4.0,な
2.0,ろ
-5.0,ふぁん
-3.0,た
-1.0,じ
0.0,あ
2.0,わん
0.0,だ
0.0,らん
-3.0,つ
-1.0,ぎ
0.0,の
2.0,す
4.0,て
2.0,じ
2.0,え
-5.0,ま
7.0,た
5.0,そ
4.0,の
2.0,さ
1.0,き
2.0,が
4.0,ま
2.0,っ
-1.0,て
-3.0,る
-5.0,ふぁん
-3.0,た
-1.0,じ
0.0,あ
2.0,わん
0.0,だ
0.0,らん
-3.0,き
-1.0,み
0.0,の
2.0,ぴ
4.0,い
2.0,す
2.0,と
-5.0,あ
7.0,わ
5.0,せ
4.0,た
2.0,ら
1.0,こ
2.0,ん
4.0,ぷ
2.0,り
4.0,い
5.0,と
4.0,ね
2.0,え
0.0,いっ
0.0,しょ
0.0,な
0.0,ら
2.0,も
0.0,の
2.0,す
0.0,ごい
0.0,か
0.0,が
0.0,や
0.0,き
0.0,み
2.0,つ
0.0,か
2.0,る
4.0,よ
0.0,そ
0.0,れ
0.0,わ
0.0,だ
0.0,れ
2.0,も
0.0,し
2.0,ら
4.0,ない
0.0,さい
0.0,こう
2.0,わん
2.0,だ
4.0,らん
0.0,は
-5.0,て
0.0,な
-5.0,い
-7.0,や
-9.0,み
-7.0,の
-7.0,な
-5.0,か
0.0,な
-5.0,み
0.0,だ
2.0,わ
-2.0,も
-7.0,お
-5.0,か
-2.0,れ
-5.0,た
0.0,ゆ
-5.0,ら
0.0,ゆ
-5.0,ら
-7.0,ゆ
-9.0,れ
-7.0,る
-9.0,お
-2.0,も
-5.0,い
-5.0,ま
-2.0,る
0.0,で
3.0,か
5.0,げ
2.0,ろ
-2.0,お
0.0,ね
3.0,つ
2.0,き
0.0,よ
-2.0,に
-5.0,し
-2.0,ず
0.0,む
0.0,い
0.0,の
-2.0,り
-2.0,わ
1.0,か
0.0,な
-2.0,し
3.0,く
0.0,こ
-4.0,だ
0.0,ま
-2.0,す
3.0,は
3.0,か
1.0,な
5.0,い
3.0,ゆ
3.0,め
1.0,な
5.0,ら
3.0,た
3.0,だ
1.0,ち
3.0,る
5.0,だ
-2.0,け
-4.0,さ
-2.0,よ
5.0,な
-4.0,ら
-2.0,さ
5.0,え
-4.0,い
-2.0,わ
3.0,ず
2.0,に
3.0,と
3.0,ざ
1.0,か
5.0,る
3.0,き
3.0,み
1.0,の
5.0,て
3.0,あ
3.0,の
1.0,ぬ
3.0,く
5.0,も
-2.0,り
-4.0,せ
-2.0,め
5.0,て
-4.0,も
-2.0,お
5.0,い
-4.0,ち
-2.0,ど
1.0,こ
2.0,こ
2.0,ろ
-3.0,な
1.0,く
2.0,し
2.0,て
-3.0,さ
4.0,ま
2.0,よ
2.0,う
1.0,い
2.0,き
-3.0,か
-6.0,た
-5.0,え
-1.0,ら
1.0,ぶ
-3.0,ふ
1.0,た
4.0,り
2.0,じゃ
1.0,な
2.0,い
2.0,ほ
4.0,こ
6.0,り
4.0,た
2.0,か
4.0,く
0.0,う
4.0,つ
2.0,く
-5.0,し
-3.0,い
-5.0,き
-3.0,み
-1.0,の
-5.0,す
-5.0,が
-3.0,た
-1.0,お
-5.0,あ
-3.0,の
-1.0,ひ
-1.0,や
7.0,き
6.0,つ
3.0,け
4.0,た
-5.0,た
0.0,と
-1.0,え
-5.0,ば
-5.0,か
-5.0,ら
-5.0,だ
-5.0,に
-5.0,の
-5.0,こ
-5.0,る
0.0,か
-1.0,ん
0.0,しょ
2.0,く
5.0,わ
4.0,あ
2.0,た
4.0,た
2.0,か
0.0,い
-5.0,さ
0.0,よ
2.0,な
0.0,ら
0.0,な
-1.0,み
0.0,だ
0.0,せい
-1.0,ぐっ
0.0,ばい
-5.0,た
0.0,と
-1.0,え
-5.0,ば
-5.0,こ
-5.0,こ
-5.0,ろ
-5.0,に
-5.0,つ
-5.0,の
-5.0,る
0.0,お
-1.0,も
0.0,い
2.0,わ
5.0,ま
4.0,だ
2.0,み
4.0,え
2.0,な
0.0,い
-5.0,あ
0.0,し
2.0,た
0.0,え
0.0,と
-5.0,ぶ
0.0,つ
2.0,ば
5.0,さ
4.0,とぅ
2.0,ざ
0.0,へ
0.0,う゛ん
-3.0,ぼ
-5.0,く
-3.0,ら
-5.0,わ
-3.0,み
-3.0,ち
-1.0,の
0.0,と
-1.0,ちゅう
-5.0,で
-5.0,な
-5.0,く
-5.0,し
-3.0,た
-5.0,ゆ
-5.0,め
-7.0,の
-7.0,か
-8.0,け
-10.0,ら
-8.0,お
-3.0,ひ
-5.0,ろ
-3.0,う
-5.0,こ
-3.0,と
-5.0,わ
-3.0,も
-3.0,し
-3.0,な
-1.0,い
-3.0,だ
-5.0,ろ
-5.0,お
-3.0,う
-5.0,ま
-3.0,れ
-5.0,か
-3.0,わっ
-1.0,た
0.0,よ
-1.0,お
-5.0,に
-5.0,あ
-5.0,た
0.0,ら
-5.0,し
-5.0,い
-7.0,じ
-8.0,だ
-7.0,い
-8.0,お
-3.0,ひ
-5.0,ら
-3.0,い
-1.0,て
0.0,く
0.0,そ
2.0,お
4.0,ね
4.0,が
2.0,う
2.0,の
3.0,せ
10.0,か
3.0,い
3.0,が
3.0,つ
3.0,く
10.0,り
3.0,だ
3.0,す
3.0,う
3.0,ね
10.0,り
8.0,の
7.0,な
5.0,か
8.0,で
7.0,え
3.0,あ
3.0,ら
10.0,が
3.0,っ
3.0,て
3.0,あ
3.0,ら
10.0,が
8.0,っ
7.0,て
5.0,い
8.0,く
7.0,う
3.0,ぼ
10.0,く
3.0,ら
3.0,が
3.0,お
10.0,り
3.0,た
3.0,つ
3.0,こ
5.0,こ
8.0,わ
7.0,み
5.0,か
7.0,ん
5.0,せ
7.0,い
5.0,な
3.0,まま
3.0,い
-2.0,き
3.0,お
5.0,し
7.0,て
3.0,る
3.0,と
5.0,ど
8.0,い
7.0,て
5.0,お
5.0,く
3.0,れ
-7.0,ま
-7.0,た
-7.0,い
-7.0,た
-7.0,ず
-8.0,ら
-7.0,に
-5.0,たい
0.0,よう
-5.0,わ
-2.0,じ
-2.0,り
-2.0,じ
0.0,り
-3.0,て
-5.0,り
-7.0,つ
-5.0,け
-7.0,あ
-7.0,ま
-7.0,い
-7.0,こ
-7.0,こ
-8.0,ろ
-7.0,お
-5.0,と
0.0,かし
-5.0,て
0.0,た
0.0,め
3.0,す
2.0,よ
0.0,に
2.0,じゃ
0.0,ま
-2.0,す
0.0,る
-7.0,そ
-7.0,か
-7.0,い
-7.0,た
-7.0,ず
-8.0,ら
-7.0,に
-5.0,たい
0.0,よ
-5.0,わ
-2.0,げ
-2.0,ら
-2.0,げ
0.0,ら
-3.0,わ
-5.0,ら
-7.0,っ
-5.0,て
-7.0,な
-7.0,み
-7.0,だ
-7.0,さ
-7.0,え
-8.0,も
-7.0,か
-5.0,わ
0.0,かし
-5.0,て
0.0,す
0.0,す
3.0,め
2.0,と
0.0,く
2.0,も
0.0,お
-2.0,か
0.0,ぶ
-5.0,なん
2.0,かい
0.0,で
-5.0,や
-3.0,っ
-2.0,か
-3.0,い
-5.0,な
0.0,ぼう
2.0,けん
0.0,お
-5.0,の
2.0,ぞ
0.0,む
0.0,と
0.0,こ
0.0,ろ
2.0,だ
3.0,こ
2.0,わ
0.0,く
2.0,ないん
0.0,だ
-2.0,ぜ
0.0,な
0.0,か
0.0,ま
2.0,が
-2.0,い
0.0,る
2.0,は
0.0,る
-2.0,か
-7.0,な
0.0,る
2.0,う
-2.0,み
-3.0,お
-5.0,こ
-7.0,え
-2.0,め
0.0,ざ
2.0,す
-2.0,の
0.0,さ
2.0,さ
-2.0,い
3.0,こ
2.0,の
2.0,すて
0.0,じ
-2.0,す
-7.0,す
0.0,む
2.0,み
-2.0,ち
-3.0,こ
-5.0,そ
-7.0,が
-2.0,た
0.0,か
2.0,ら
-2.0,な
0.0,の
2.0,さ
-2.0,し
3.0,ん
5.0,じ
2.0,て
0.0,る
-5.0,て
3.0,お
2.0,あ
2.0,げ
0.0,た
2.0,そ
3.0,の
5.0,み
0.0,らい
-1.0,に
0.0,あ
2.0,た
3.0,ら
3.0,し
3.0,い
2.0,せ
3.0,か
3.0,い
2.0,が
3.0,わ
2.0,な
3.0,か
2.0,け
3.0,まっ
3.0,て
2.0,る
-5.0,こ
2.0,こ
0.0,に
-5.0,し
-3.0,み
-2.0,こ
-3.0,ん
-5.0,だ
0.0,ゆ
2.0,き
0.0,わ
-5.0,も
2.0,がい
0.0,た
0.0,じ
0.0,かん
2.0,と
3.0,き
2.0,み
0.0,の
2.0,こ
0.0,え
-2.0,で
0.0,つ
0.0,く
0.0,ら
2.0,れ
-2.0,たん
5.0,だ
-5.0,い
-5.0,や
-5.0,ほ
-5.0,ん
-5.0,お
-5.0,か
-3.0,た
-5.0,ほ
-3.0,お
-1.0,だ
0.0,け
-1.0,か
0.0,し
-1.0,て
-5.0,あ
-3.0,げ
-5.0,る
-5.0,よ
-5.0,お
-3.0,な
0.0,じ
-5.0,う
2.0,た
0.0,お
-5.0,き
-3.0,き
-3.0,な
-3.0,が
-3.0,ら
-3.0,あ
0.0,る
2.0,い
4.0,て
2.0,い
2.0,こ
-5.0,つ
-5.0,らい
-5.0,と
-5.0,き
-5.0,き
-3.0,き
-5.0,た
-3.0,く
-1.0,な
0.0,る
0.0,お
0.0,き
-1.0,に
-5.0,いり
-3.0,の
-5.0,う
-5.0,た
-3.0,お
-3.0,な
0.0,じ
-5.0,だっ
2.0,た
0.0,ら
-3.0,き
5.0,せ
4.0,き
2.0,と
-3.0,か
-1.0,し
0.0,ん
2.0,じ
2.0,ちゃ
4.0,う
0.0,ね
-3.0,そ
-3.0,れ
-1.0,ぞ
0.0,れ
-3.0,の
4.0,ゆ
2.0,め
2.0,が
-1.0,ち
-1.0,が
0.0,う
2.0,み
-1.0,ち
5.0,お
4.0,さ
2.0,し
4.0,て
0.0,も
-3.0,わ
-3.0,た
-1.0,し
0.0,た
-1.0,ち
-1.0,いっ
0.0,しょ
2.0,だ
4.0,よ
0.0,ど
5.0,ん
4.0,な
5.0,と
7.0,き
2.0,も
6.0,き
4.0,み
3.0,に
-1.0,ゆ
-1.0,め
-1.0,の
-1.0,め
-1.0,ろ
1.0,でぃ
-1.0,な
-1.0,り
6.0,ひ
6.0,び
8.0,く
-1.0,よ
3.0,き
1.0,ず
-1.0,い
-2.0,た
-1.0,ら
1.0,む
8.0,い
6.0,し
8.0,き
3.0,に
3.0,ま
4.0,た
4.0,く
6.0,ち
6.0,ず
3.0,さ
-2.0,ん
3.0,で
1.0,る
-1.0,こ
-1.0,の
-1.0,う
-2.0,た
-1.0,ご
1.0,え
-1.0,と
-1.0,ど
6.0,け
6.0,た
8.0,い
-1.0,よ
3.0,せ
1.0,か
-1.0,い
-2.0,じゅ
1.0,が
3.0,こ
8.0,の
6.0,う
8.0,た
3.0,お
3.0,う
4.0,た
3.0,い
-1.0,だ
-4.0,し
-2.0,た
-1.0,ら
1.0,す
1.0,て
-1.0,き
-1.0,ね
3.0,せ
4.0,か
3.0,い
-1.0,へ
-4.0,い
-2.0,わ
-1.0,も
1.0,ゆ
1.0,め
-1.0,じゃ
-1.0,ない
-3.0,む
1.0,ね
2.0,の
-3.0,お
1.0,く
2.0,に
4.0,ひ
6.0,び
2.0,く
2.0,ゆ
4.0,め
6.0,お
2.0,お
2.0,い
1.0,も
-1.0,と
-3.0,め
-5.0,る
-1.0,せ
1.0,ん
2.0,り
4.0,つ
6.0,ずっ
2.0,と
7.0,きっ
6.0,と
2.0,く
2.0,る
0.0,く
-2.0,る
2.0,ま
0.0,わ
2.0,り
0.0,だ
2.0,し
0.0,た
-2.0,か
-2.0,ら
-3.0,ふ
-5.0,る
-2.0,な
-3.0,どぅり
-2.0,む
-3.0,ご
-2.0,ら
-3.0,ん
3.0,す
3.0,て
2.0,き
0.0,な
-5.0,はく
-5.0,ば
2.0,の
0.0,うえ
-2.0,に
-7.0,き
-8.0,み
-7.0,の
-5.0,ゆ
-5.0,め
0.0,が
-2.0,ま
-2.0,あっ
0.0,て
-3.0,る
2.0,お
2.0,も
0.0,い
-2.0,きっ
2.0,て
0.0,と
2.0,び
0.0,の
2.0,れ
0.0,ば
-2.0,な
-2.0,か
-3.0,ま
-5.0,が
-2.0,ひ
-3.0,と
-2.0,り
-3.0,ふ
-2.0,た
-3.0,り
3.0,み
3.0,ら
2.0,い
0.0,い
3.0,き
3.0,の
2.0,ち
2.0,け
0.0,っ
-2.0,と
-7.0,こ
-8.0,こ
-7.0,ろ
-5.0,か
0.0,ら
-2.0,と
-3.0,り
0.0,だ
-2.0,そう
-2.0,だ
0.0,れ
2.0,だ
-1.0,っ
-5.0,て
2.0,さ
2.0,い
3.0,しょ
3.0,わ
0.0,ちょ
-3.0,っ
-7.0,と
0.0,ま
0.0,よ
2.0,っ
2.0,て
-2.0,ど
-5.0,き
-9.0,ど
-2.0,き
0.0,し
-3.0,な
-7.0,が
0.0,ら
-2.0,は
-2.0,し
-3.0,り
-2.0,だ
0.0,すん
-3.0,だ
-3.0,ゆ
0.0,め
2.0,み
4.0,たい
-3.0,ほ
4.0,ら
0.0,み
2.0,つ
7.0,け
2.0,て
-5.0,ゆ
-1.0,め
0.0,じゃ
2.0,ない
-5.0,き
2.0,み
-1.0,の
0.0,わん
7.0,だ
0.0,らん
-3.0,ゆ
-3.0,う
-1.0,き
0.0,が
-1.0,え
-1.0,が
0.0,い
2.0,た
-1.0,い
0.0,つ
2.0,も
4.0,と
2.0,ち
4.0,がう
4.0,せ
5.0,か
4.0,い
-3.0,い
0.0,こ
2.0,う
4.0,よ
-3.0,さ
4.0,あ
0.0,い
2.0,い
7.0,しょ
2.0,に
-5.0,ゆ
-1.0,め
0.0,の
2.0,と
-5.0,び
2.0,ら
-1.0,ひ
0.0,ら
4.0,い
0.0,て
0.0,す
2.0,べ
4.0,て
0.0,の
-3.0,こ
-7.0,と
-5.0,が
2.0,ほ
2.0,ら
0.0,き
2.0,ら
4.0,き
2.0,ら
4.0,か
5.0,が
4.0,や
2.0,く
0.0,よ
2.0,どぅり
0.0,むらんど
0.0,む
-3.0,じゃ
0.0,き
0.0,な
0.0,ゆ
0.0,め
0.0,も
3.0,か
0.0,な
3.0,え
3.0,て
7.0,どぅりむ
7.0,かむ
7.0,とぅる
-3.0,お
-3.0,しゃ
-3.0,れ
-3.0,な
-5.0,あ
-6.0,の
-5.0,こ
-5.0,ま
-3.0,ね
2.0,す
1.0,る
2.0,よ
-3.0,り
-1.0,じ
1.0,ぶ
2.0,ん
-3.0,ら
2.0,し
1.0,さ
2.0,が
2.0,い
4.0,ち
-1.0,ば
-1.0,ん
2.0,で
1.0,しょ
-3.0,は
-3.0,あ
-3.0,と
-3.0,の
-5.0,か
-6.0,が
-5.0,や
-5.0,き
-3.0,かん
2.0,じ
1.0,た
2.0,な
-3.0,ら
-1.0,り
1.0,そ
2.0,お
-3.0,さ
2.0,が
1.0,し
2.0,に
2.0,で
4.0,か
-1.0,け
-1.0,よ
2.0,お
1.0,よ
-3.0,ふ
-5.0,え
-6.0,て
-5.0,い
-3.0,く
-3.0,お
2.0,も
1.0,い
-1.0,で
-3.0,ぜ
-5.0,ん
-6.0,ぶ
-5.0,ぱ
-3.0,き
-1.0,ん
-5.0,と
-3.0,は
-1.0,ん
-1.0,ぶ
-3.0,ん
2.0,こ
2.0,で
1.0,と
2.0,も
-2.0,だ
-2.0,ち
-2.0,こ
0.0,ん
2.0,ぷ
1.0,り
2.0,と
4.0,し
4.0,よ
-2.0,めい
1.0,きっ
6.0,ど
6.0,き
6.0,ど
-1.0,き
-2.0,す
-1.0,る
1.0,と
3.0,き
6.0,む
6.0,て
6.0,き
8.0,で
6.0,しょ
-2.0,めい
1.0,かっ
6.0,き
6.0,ら
6.0,き
-1.0,ら
-2.0,み
-1.0,ら
1.0,い
3.0,で
6.0,き
6.0,ま
6.0,り
8.0,で
6.0,しょ
1.0,ゆ
3.0,め
1.0,わ
-1.0,も
-1.0,お
1.0,ゆ
3.0,め
1.0,じゃ
-1.0,な
-1.0,い
-1.0,だ
-2.0,れ
-4.0,だっ
-2.0,て
-1.0,か
6.0,な
6.0,え
4.0,ら
3.0,れ
1.0,る
-2.0,れ
-1.0,でぃ
-2.0,れ
-1.0,でぃ
-2.0,とぅ
-1.0,ご
-2.0,ぱ
-1.0,ら
-1.0,だいす
-1.0,あ
-2.0,こ
-1.0,が
1.0,れ
-1.0,わ
-6.0,きっ
-6.0,と
-1.0,あ
-2.0,す
-1.0,の
1.0,み
6.0,ち
4.0,し
3.0,る
-1.0,べ
-1.0,り
-1.0,そ
1.0,お
3.0,の
1.0,じ
4.0,ぶ
3.0,ん
-1.0,が
1.0,そ
3.0,こ
3.0,で
-4.0,ま
4.0,あ
6.0,て
3.0,る
-1.0,た
-2.0,め
-1.0,ら
6.0,わ
6.0,ず
4.0,ま
3.0,え
4.0,に
6.0,ふ
3.0,み
1.0,だ
-1.0,そ
-1.0,お
-1.0,な
-2.0,が
-4.0,す
-6.0,あ
-1.0,せ
-1.0,も
-1.0,な
1.0,み
-1.0,だ
3.0,も
1.0,み
1.0,な
-1.0,き
3.0,ら
1.0,め
3.0,き
5.0,に
3.0,か
5.0,わ
6.0,る
7.0,な
4.0,か
2.0,お
2.0,ゆ
2.0,め
2.0,に
2.0,む
2.0,か
4.0,っ
2.0,て
0.0,と
-1.0,ぼ
0.0,お
-3.0,ど
-1.0,ん
0.0,な
-1.0,あ
0.0,め
2.0,や
-1.0,あ
0.0,ら
2.0,し
-5.0,に
-5.0,も
7.0,お
5.0,れ
4.0,や
4.0,し
5.0,な
5.0,い
4.0,つ
4.0,ば
2.0,さ
5.0,お
4.0,ひ
2.0,ろ
5.0,げ
4.0,て
-8.0,ぽ
-6.0,ろ
-8.0,ぽ
-6.0,ろ
-8.0,な
-6.0,け
-8.0,ちゃ
-6.0,う
-4.0,の
-3.0,わ
-3.0,ほ
-3.0,ん
-4.0,と
-6.0,お
-8.0,の
-8.0,こ
-6.0,こ
-8.0,ろ
-6.0,と
-8.0,む
-6.0,き
-8.0,あ
-6.0,あっ
-1.0,て
1.0,る
1.0,しょ
1.0,お
2.0,こ
1.0,なん
-1.0,だ
-8.0,か
-6.0,が
-8.0,み
-6.0,の
-8.0,な
-6.0,か
-8.0,の
-6.0,き
-4.0,み
-3.0,が
-4.0,か
-3.0,く
-4.0,し
-3.0,て
-1.0,る
-1.0,そ
1.0,の
-3.0,き
-3.0,も
-8.0,ち
-8.0,も
2.0,わ
1.0,か
-1.0,っ
-1.0,て
-1.0,る
-3.0,か
-3.0,ら
-3.0,あ
-1.0,き
0.0,ら
-1.0,め
-3.0,た
-5.0,く
-8.0,な
-3.0,い
-8.0,まっ
-10.0,す
-12.0,ぐ
-10.0,な
-12.0,お
-10.0,も
-5.0,い
-8.0,が
-3.0,だ
-1.0,れ
0.0,に
-1.0,も
0.0,ひ
2.0,み
-5.0,つ
-3.0,の
-3.0,み
-3.0,ら
-5.0,い
-7.0,の
0.0,ど
0.0,あ
0.0,きょ
0.0,お
2.0,も
4.0,のっ
2.0,く
4.0,し
5.0,て
4.0,る
0.0,さ
2.0,あ
4.0,は
4.0,じ
4.0,ま
4.0,り
4.0,の
4.0,か
4.0,ぜ
2.0,の
7.0,な
4.0,か
2.0,で
2.0,う
2.0,そ
2.0,の
2.0,じ
2.0,ぶ
4.0,ん
2.0,ぬ
0.0,ぎ
-1.0,す
0.0,て
-5.0,じ
4.0,ゆ
5.0,う
-3.0,な
0.0,そ
4.0,ら
2.0,の
0.0,は
2.0,て
2.0,ゆ
4.0,め
2.0,に
4.0,む
5.0,かっ
4.0,て
0.0,ていく
2.0,おふ
4.0,ま
4.0,よ
4.0,い
4.0,な
4.0,や
5.0,ん
4.0,で
2.0,お
7.0,ち
4.0,こん
2.0,だ
2.0,ひ
2.0,び
2.0,が
2.0,あ
2.0,す
4.0,お
2.0,き
0.0,り
-1.0,ひ
0.0,らく
-3.0,ど
-1.0,ん
0.0,な
-1.0,あ
0.0,め
2.0,や
-1.0,あ
0.0,ら
2.0,し
-5.0,に
-5.0,も
7.0,お
5.0,れ
4.0,や
4.0,し
5.0,な
5.0,い
4.0,つ
4.0,ば
2.0,さ
5.0,で
4.0,は
2.0,ば
5.0,た
4.0,け
-5.0,そ
4.0,れ
3.0,だ
1.0,け
1.0,で
1.0,つ
-1.0,よ
-1.0,く
3.0,な
8.0,る
3.0,あ
1.0,ふ
-1.0,れ
-1.0,る
3.0,こ
1.0,の
-1.0,お
-1.0,もい
-4.0,お
-4.0,も
3.0,い
4.0,き
3.0,り
4.0,と
6.0,ど
6.0,け
6.0,し
4.0,い
3.0,く
1.0,れっ
1.0,ぴゅ
-1.0,あ
-1.0,らぶ
-9.0,き
-4.0,み
-5.0,と
-4.0,ふ
-9.0,ざ
-4.0,け
-2.0,あ
0.0,う
1.0,だ
0.0,け
1.0,で
0.0,きょ
-2.0,い
-4.0,ち
-5.0,に
-4.0,ち
-9.0,ず
-4.0,う
-5.0,と
-4.0,ご
-9.0,き
-4.0,げん
3.0,に
3.0,なっ
1.0,ちゃ
1.0,う
0.0,た
1.0,ん
1.0,じゅ
0.0,ん
-4.0,な
-2.0,はと
-9.0,ほ
-4.0,ん
-5.0,と
-4.0,わ
-9.0,と
-4.0,も
-2.0,だ
0.0,ち
1.0,か
0.0,ら
1.0,ふ
0.0,み
0.0,だ
-2.0,し
-4.0,た
-5.0,い
-2.0,け
-4.0,ど
-4.0,あ
-5.0,わ
-4.0,て
3.0,ちゃ
5.0,だ
-4.0,め
-4.0,じ
-4.0,ぶ
1.0,ん
1.0,ら
0.0,し
-4.0,く
-5.0,ゆ
-4.0,こ
-1.0,お
-1.0,ち
-1.0,こ
-1.0,ん
-2.0,じゃっ
1.0,て
-6.0,ひ
-6.0,と
3.0,り
4.0,の
3.0,こ
-2.0,る
-2.0,ほ
1.0,う
-1.0,か
-1.0,ご
-4.0,は
-2.0,し
-1.0,る
-2.0,き
-1.0,み
-1.0,の
-6.0,す
-8.0,が
-9.0,た
-8.0,な
3.0,が
-4.0,め
-1.0,る
1.0,よ
3.0,き
3.0,み
3.0,が
3.0,す
-6.0,き
-5.0,そ
4.0,の
3.0,き
1.0,も
1.0,ち
-1.0,だ
-2.0,け
-1.0,で
4.0,ま
4.0,ほ
4.0,お
4.0,の
-4.0,よ
-6.0,お
6.0,に
4.0,げ
3.0,ん
3.0,き
3.0,に
1.0,な
1.0,る
-4.0,ふ
3.0,し
4.0,ぎ
3.0,だ
1.0,ね
3.0,きょ
3.0,お
3.0,よ
3.0,り
-6.0,あ
-5.0,し
4.0,た
3.0,わ
1.0,もっ
1.0,と
1.0,す
-1.0,き
-1.0,に
3.0,な
8.0,る
3.0,あ
1.0,ふ
-1.0,れ
-1.0,る
3.0,こ
1.0,の
-1.0,お
-1.0,もい
-6.0,い
-6.0,つ
3.0,の
4.0,ひ
3.0,か
4.0,と
6.0,ど
6.0,け
6.0,し
4.0,い
3.0,く
1.0,れっ
1.0,ぴゅ
-1.0,あ
-1.0,らぶ
0.0,み
2.0,ら
4.0,く
7.0,る
0.0,ぱ
2.0,ら
7.0,だいす
0.0,は
0.0,と
-1.0,に
0.0,き
2.0,ざ
7.0,も
0.0,き
-1.0,せ
0.0,き
2.0,て
7.0,き
0.0,も
0.0,の
-5.0,が
9.0,た
7.0,り
5.0,ち
5.0,い
4.0,さ
5.0,な
8.0,ど
11.0,りょ
11.0,く
9.0,が
5.0,み
4.0,ら
5.0,い
4.0,お
7.0,ちぇんじ
2.0,は
4.0,じ
2.0,め
0.0,よ
0.0,こ
0.0,お
-5.0,で
0.0,ばっ
2.0,ち
0.0,り
0.0,ふぇ
0.0,あ
0.0,り
-5.0,な
0.0,わん
2.0,ぴ
4.0,で
5.0,し
4.0,せ
2.0,ん
-3.0,あ
0.0,つ
-1.0,め
-3.0,ちゃ
-1.0,う
-5.0,よ
0.0,みん
-5.0,な
0.0,に
0.0,と
0.0,ど
-5.0,け
0.0,こ
0.0,の
2.0,みゅ
4.0,じっく
0.0,す
0.0,て
0.0,じ
-1.0,あ
-1.0,が
0.0,れ
2.0,ば
2.0,だ
2.0,れ
2.0,だっ
5.0,て
4.0,あい
2.0,ど
1.0,る
5.0,じょう
-3.0,しょ
0.0,お
0.0,し
0.0,こ
-1.0,お
-3.0,で
-1.0,い
0.0,こ
-3.0,しっ
0.0,ぱ
2.0,い
0.0,し
-1.0,た
0.0,り
-5.0,ちょっ
-5.0,と
-3.0,へ
0.0,こ
0.0,ん
-1.0,で
0.0,も
-3.0,みん
-3.0,な
-1.0,と
0.0,も
-5.0,だ
0.0,ち
-3.0,き
-1.0,ら
0.0,き
-3.0,ら
-1.0,な
0.0,め
-3.0,い
-1.0,き
0.0,ん
0.0,ぐ
-1.0,ど
0.0,ら
2.0,ま
-5.0,い
-1.0,い
2.0,しょ
5.0,に
5.0,つ
4.0,く
7.0,ろ
0.0,ぷ
2.0,り
4.0,ぱ
7.0,ら
0.0,ぱ
2.0,ら
7.0,だいす
0.0,は
0.0,あ
0.0,と
-1.0,み
0.0,が
2.0,い
7.0,て
0.0,ゆ
-1.0,め
0.0,お
2.0,か
7.0,な
0.0,え
0.0,る
-5.0,せ
9.0,か
7.0,い
5.0,あ
5.0,い
4.0,ど
5.0,る
7.0,ら
4.0,ん
2.0,く
0.0,お
-3.0,あ
-1.0,げ
0.0,ちゃ
9.0,お
7.0,お
0.0,き
2.0,ら
4.0,め
7.0,き
0.0,ぱ
2.0,ら
7.0,だいす
0.0,ど
0.0,ん
-1.0,な
0.0,と
2.0,き
7.0,も
0.0,え
-1.0,が
0.0,お
2.0,た
7.0,や
0.0,さ
0.0,ず
-5.0,い
9.0,こ
7.0,お
5.0,ち
5.0,い
4.0,さ
5.0,な
8.0,ど
11.0,りょ
11.0,く
9.0,が
5.0,み
4.0,ら
5.0,い
4.0,お
7.0,ちぇんじ
2.0,は
4.0,じ
2.0,め
0.0,よ
-9.0,に
-2.0,ぎ
-3.0,り
-5.0,し
-7.0,め
-7.0,る
-9.0,ぷ
-10.0,ら
-2.0,い
-2.0,ど
-7.0,の
-7.0,ね
0.0,つ
0.0,が
-2.0,じ
0.0,り
2.0,じ
3.0,り
2.0,と
-3.0,て
0.0,の
-2.0,ひ
-2.0,ら
-3.0,こ
-5.0,が
0.0,し
0.0,て
-5.0,ゆ
-2.0,く
-3.0,か
-3.0,ら
-10.0,あ
-2.0,き
-3.0,ら
-5.0,め
-7.0,な
-7.0,い
-9.0,ま
-10.0,だ
-2.0,お
-2.0,わ
-7.0,り
-7.0,た
0.0,く
0.0,ない
-2.0,か
0.0,れ
2.0,る
3.0,ま
2.0,で
3.0,な
2.0,い
0.0,た
0.0,ら
-2.0,さ
-2.0,ま
3.0,え
2.0,お
0.0,む
-7.0,く
-3.0,ん
-5.0,だ
-5.0,や
-7.0,み
-5.0,お
-7.0,さ
-2.0,ま
-4.0,よ
-5.0,い
-5.0,やっ
-7.0,と
-5.0,み
-7.0,つ
-2.0,け
0.0,た
2.0,き
-5.0,も
-5.0,ち
0.0,ほ
2.0,ん
3.0,ね
3.0,と
2.0,いう
2.0,な
0.0,の
0.0,ほ
-2.0,ん
-2.0,も
-5.0,の
-2.0,の
0.0,こ
-5.0,こ
-5.0,ろ
-5.0,だ
-2.0,き
-2.0,し
-3.0,め
-3.0,て
-3.0,ふ
-2.0,み
0.0,だ
0.0,せ
-1.0,あ
0.0,す
2.0,え
-5.0,の
4.0,い
2.0,ず
0.0,だ
0.0,ら
0.0,け
0.0,の
0.0,ま
2.0,ち
2.0,に
0.0,ひ
2.0,び
2.0,け
2.0,こ
0.0,の
2.0,こ
4.0,ど
4.0,お
2.0,み
0.0,え
2.0,や
4.0,か
0.0,ざ
2.0,り
4.0,ぜ
5.0,ん
4.0,ぶ
2.0,す
0.0,て
0.0,て
-5.0,か
0.0,け
0.0,ぬ
2.0,け
-1.0,ろ
-5.0,こ
4.0,ん
2.0,な
0.0,ん
0.0,ばっ
0.0,か
0.0,の
0.0,ひ
2.0,び
2.0,お
0.0,こ
2.0,え
2.0,な
2.0,きゃ
4.0,と
5.0,ど
4.0,か
4.0,ない
2.0,み
0.0,っ
2.0,と
4.0,も
0.0,ない
2.0,じ
4.0,ぶ
5.0,ん
4.0,で
-3.0,も
-1.0,いい
0.0,じゃん
-5.0,は
4.0,し
2.0,れ
4.0,が
2.0,む
-5.0,しゃ
-1.0,ら
-3.0,に
-5.0,は
4.0,し
2.0,れ
4.0,あ
2.0,の
-5.0,ゆ
5.0,め
4.0,え
3.0,ぶ
5.0,き
5.0,よ
7.0,お
8.0,な
8.0,い
3.0,い
3.0,か
7.0,た
8.0,が
1.0,す
0.0,き
1.0,す
0.0,き
1.0,すきす
-4.0,ね
1.0,き
0.0,す
1.0,き
0.0,す
-4.0,ごう
-2.0,いんに
-2.0,し
-4.0,て
-9.0,こ
-4.0,い
-5.0,わ
-4.0,しょ
-5.0,お
-4.0,せ
-5.0,つ
-4.0,よ
1.0,り
0.0,き
-4.0,なり
-9.0,せ
-4.0,わ
-5.0,の
-4.0,や
-5.0,け
-4.0,る
-5.0,み
-4.0,ら
3.0,く
3.0,る
3.0,な
5.0,や
0.0,っ
-4.0,か
-4.0,い
-5.0,ご
-4.0,と
-7.0,さ
-7.0,き
1.0,よ
0.0,み
1.0,し
0.0,こ
-4.0,お
-4.0,れん
-4.0,そ
-4.0,も
-4.0,そ
-1.0,ぼ
-2.0,そ
-4.0,う
-2.0,し
-4.0,そ
-4.0,ほ
-4.0,お
-4.0,か
-5.0,ご
-4.0,あ
1.0,と
0.0,らく
-4.0,しょん
-9.0,く
-4.0,る
-5.0,く
-4.0,る
-4.0,ら
-4.0,く
-5.0,が
-4.0,き
3.0,ちょ
3.0,お
3.0,く
5.0,で
0.0,で
-4.0,こ
-5.0,れ
-4.0,え
-4.0,しょん
-7.0,ら
-7.0,ぶ
1.0,で
0.0,い
1.0,き
0.0,ま
-4.0,しょ
-5.0,お
-4.0,ち
-5.0,つ
-4.0,け
-5.0,も
-4.0,ち
-5.0,つ
-4.0,け
-6.0,れ
-4.0,ぼ
-2.0,りゅ
-4.0,しょん
-2.0,つ
-4.0,ん
-2.0,つ
3.0,ん
-2.0,で
-4.0,れ
-2.0,で
3.0,れ
-5.0,こ
-4.0,い
-4.0,ぬ
-9.0,み
-2.0,た
0.0,い
0.0,な
0.0,え
-2.0,が
-2.0,お
-7.0,が
-7.0,に
-4.0,く
-5.0,ら
-4.0,しく
-2.0,て
-7.0,い
0.0,じ
-2.0,め
-2.0,ちゃう
-7.0,か
3.0,わ
3.0,い
5.0,くっ
3.0,て
-4.0,あ
-5.0,か
-4.0,ら
3.0,さ
3.0,ま
3.0,で
3.0,ろ
3.0,こ
3.0,つ
5.0,な
7.0,あ
8.0,い
7.0,お
5.0,つ
8.0,た
7.0,え
5.0,て
3.0,よ
3.0,ぶ
5.0,き
5.0,よ
7.0,お
8.0,な
8.0,い
3.0,い
3.0,か
7.0,た
8.0,が
0.0,す
1.0,き
0.0,す
1.0,き
0.0,す
1.0,きす
5.0,ごう
3.0,いん
5.0,に
7.0,して
3.0,む
3.0,ち
3.0,こ
3.0,く
3.0,む
3.0,けっ
3.0,せ
5.0,き
7.0,で
7.0,ま
8.0,い
7.0,に
5.0,ち
5.0,た
8.0,べ
7.0,ちゃう
5.0,か
3.0,ら
3.0,い
5.0,と
5.0,し
7.0,く
8.0,て
8.0,か
3.0,わ
3.0,い
7.0,く
8.0,て
0.0,す
1.0,き
0.0,す
1.0,き
0.0,す
1.0,きす
-4.0,ね
1.0,き
0.0,す
1.0,き
0.0,す
1.0,きす
3.0,ぜ
3.0,ん
3.0,りょ
-4.0,く
3.0,し
3.0,い
5.0,そ
7.0,お
7.0,い
8.0,そ
0.0,が
0.0,ば
-2.0,じゅん
-2.0,あい
0.0,ちゅ
-4.0,う
-4.0,きょ
-2.0,お
-4.0,も
1.0,うぃ
0.0,ん
-4.0,く
-7.0,で
-7.0,しゅ
1.0,ん
0.0,さ
-4.0,つ
-6.0,あ
-4.0,い
-4.0,し
-6.0,て
-4.0,る
-1.0,の
-2.0,さ
-6.0,い
-4.0,ん
-5.0,む
-5.0,く
-3.0,ち
-5.0,な
-7.0,は
-8.0,あ
-7.0,と
-5.0,ひ
-5.0,ら
-5.0,い
-3.0,た
-5.0,ら
-3.0,す
-1.0,す
0.0,も
0.0,こ
-1.0,え
-5.0,あ
-3.0,わ
-5.0,せ
-5.0,て
-5.0,き
-5.0,ら
-3.0,き
-5.0,ら
-7.0,し
-8.0,て
-7.0,い
-5.0,る
-5.0,じ
-5.0,ぶ
-3.0,ん
-5.0,お
-5.0,つ
-1.0,か
0.0,も
0.0,だ
-1.0,い
-5.0,す
-3.0,き
0.0,な
2.0,こ
0.0,と
-1.0,し
0.0,よ
0.0,か
0.0,ち
0.0,か
0.0,ま
-2.0,け
-7.0,だ
-7.0,なん
-2.0,て
-2.0,かん
-2.0,け
-5.0,な
2.0,い
3.0,じゃ
2.0,な
0.0,い
-4.0,さ
-4.0,て
-5.0,と
-4.0,て
-2.0,つ
-4.0,な
-5.0,い
-9.0,で
-2.0,へい
0.0,じゃんぷ
0.0,ぱ
0.0,てぃ
2.0,い
3.0,わ
3.0,は
2.0,じ
3.0,ま
2.0,る
-3.0,れっつ
-1.0,だんす
0.0,わん
0.0,つ
0.0,すり
0.0,み
-1.0,ら
0.0,い
2.0,え
-5.0,そ
2.0,ず
2.0,っ
2.0,と
2.0,み
0.0,ん
2.0,な
4.0,で
-1.0,ぜっ
0.0,たい
4.0,あ
4.0,き
2.0,ら
0.0,め
-1.0,た
0.0,く
2.0,ない
4.0,か
4.0,ら
-3.0,れっつ
-1.0,しん
0.0,どぅ
0.0,まい
0.0,べす
0.0,あ
-1.0,し
0.0,た
2.0,わ
-5.0,きっ
2.0,と
5.0,か
4.0,が
0.0,や
2.0,い
0.0,て
0.0,る
-3.0,ち
-1.0,か
0.0,ら
0.0,あ
-1.0,わ
0.0,せ
-1.0,て
-5.0,と
-3.0,き
-3.0,め
0.0,き
4.0,さ
2.0,が
0.0,し
-1.0,て
-5.0,く
-3.0,つ
-3.0,か
-3.0,み
-5.0,と
-3.0,ろ
0.0,ぷ
-3.0,り
-5.0,ぱ
-3.0,ら
0.0,う
0.0,ま
0.0,く
-3.0,い
0.0,か
2.0,な
4.0,い
2.0,と
2.0,か
-1.0,す
-1.0,れ
-1.0,ち
-5.0,が
-1.0,い
0.0,ば
2.0,か
0.0,り
0.0,で
0.0,だ
0.0,め
0.0,に
-3.0,な
0.0,り
2.0,そ
4.0,お
2.0,な
0.0,と
0.0,き
2.0,わ
2.0,い
4.0,しょ
4.0,に
0.0,ふ
0.0,た
0.0,つ
0.0,お
-2.0,り
0.0,の
1.0,ゆ
3.0,め
3.0,お
3.0,か
0.0,な
3.0,え
0.0,よ
5.0,お
0.0,え
-4.0,が
-4.0,お
0.0,う
0.0,け
-2.0,と
-2.0,ろ
-4.0,そ
-2.0,お
-1.0,いっ
-1.0,しょ
-1.0,に
-1.0,う
-2.0,た
-1.0,い
1.0,たい
-6.0,ね
1.0,いっ
1.0,しょ
1.0,に
1.0,お
-1.0,ど
1.0,り
3.0,たい
-2.0,ぜっ
-1.0,たい
3.0,あ
3.0,き
1.0,ら
-1.0,め
-2.0,な
-1.0,い
3.0,よ
-4.0,れっつ
-2.0,ごう
2.0,さ
2.0,が
2.0,し
2.0,に
3.0,ゆ
3.0,こ
2.0,み
2.0,は
2.0,て
2.0,ぬ
3.0,み
3.0,らい
-2.0,なん
-2.0,ど
-2.0,き
-2.0,ず
-4.0,つ
1.0,け
-2.0,ら
-4.0,れ
1.0,て
-2.0,も
-2.0,そ
-2.0,の
-4.0,い
-6.0,た
-7.0,み
-7.0,の
-9.0,ぶん
-2.0,だ
-2.0,け
-2.0,き
-2.0,の
-4.0,お
-6.0,よ
-7.0,り
-7.0,つ
-6.0,よく
-9.0,な
-9.0,っ
-2.0,て
-2.0,る
-2.0,ぼ
-2.0,く
-2.0,た
-2.0,ち
-2.0,わ
-4.0,ひ
1.0,と
-2.0,り
-4.0,な
1.0,ん
3.0,か
-2.0,じゃ
-2.0,ない
-2.0,か
-2.0,ん
-4.0,じ
-6.0,て
-7.0,く
-7.0,れ
-9.0,る
-2.0,な
-2.0,ら
-2.0,も
-2.0,お
-4.0,い
-1.0,ち
-2.0,ど
-4.0,わ
-6.0,らっ
-4.0,て
-2.0,ほ
-2.0,しい
1.0,い
1.0,ま
3.0,で
-1.0,き
-1.0,る
-2.0,こ
-1.0,と
-1.0,ひっ
-2.0,し
-4.0,に
-1.0,や
-2.0,る
5.0,し
5.0,か
-2.0,な
-4.0,いん
-2.0,だ
-6.0,よ
-2.0,そ
-2.0,れ
-4.0,が
-4.0,い
-2.0,き
-2.0,るっ
-4.0,て
-4.0,ゆ
-1.0,こ
-2.0,と
2.0,さ
2.0,が
2.0,し
2.0,に
3.0,ゆ
3.0,こ
-2.0,ど
-2.0,ん
-2.0,な
5.0,に
3.0,は
2.0,て
3.0,なく
2.0,て
-2.0,も
2.0,し
2.0,ん
2.0,じ
2.0,て
3.0,ゆ
3.0,こ
-2.0,そ
-2.0,だ
-4.0,て
-5.0,て
-5.0,き
3.0,た
3.0,お
7.0,も
5.0,い
5.0,げん
3.0,かい
2.0,こ
3.0,え
-2.0,て
5.0,は
3.0,し
2.0,り
2.0,ぬい
3.0,て
2.0,やっ
3.0,と
5.0,そ
7.0,の
7.0,さ
0.0,き
0.0,に
5.0,み
3.0,え
2.0,る
2.0,み
2.0,らい
2.0,お
-2.0,ゆ
2.0,め
2.0,と
2.0,よ
3.0,ぶ
2.0,ん
0.0,だ
0.0,ふ
0.0,ま
0.0,れ
2.0,て
3.0,お
5.0,ら
3.0,れ
2.0,て
0.0,き
-2.0,ず
-2.0,つ
-5.0,け
0.0,ら
-2.0,れ
0.0,そ
0.0,れ
0.0,で
2.0,も
3.0,は
5.0,な
3.0,さ
2.0,な
0.0,かっ
-2.0,た
-2.0,ゆ
-4.0,め
-5.0,で
-7.0,しょ
0.0,つ
0.0,よ
0.0,い
2.0,ま
3.0,な
5.0,ざ
3.0,し
2.0,で
0.0,い
2.0,ま
2.0,ま
2.0,え
-5.0,お
2.0,む
3.0,く
3.0,き
3.0,み
3.0,と
3.0,いっ
5.0,しょ
5.0,に
3.0,さあ
5.0,か
3.0,け
2.0,だ
0.0,そ
2.0,お
-0.5,ど
1.5,き
3.5,ど
3.5,き
3.5,し
4.5,た
3.5,い
0.5,よ
0.5,は
6.5,し
4.5,れ
1.5,こ
3.5,れ
4.5,か
4.5,ら
6.5,は
4.5,じ
3.5,ま
4.5,る
-3.5,た
-0.5,か
-0.5,ら
4.5,も
3.5,の
-0.5,お
4.5,み
3.5,つ
-0.5,け
-0.5,よ
-3.5,だい
-3.5,えっ
-3.5,と
-1.5,お
-3.5,す
-4.5,るっ
-3.5,て
3.5,き
-4.5,め
-3.5,た
-6.5,ら
-4.5,い
-3.5,しゅ
-3.5,う
-6.5,か
-4.5,ら
-3.5,に
-3.5,き
-1.5,め
-3.5,た
3.5,ば
3.5,い
3.5,と
1.5,が
0.5,え
-1.5,り
-3.5,の
-1.5,こ
3.5,ん
5.5,び
-3.5,に
-6.5,よ
-4.5,け
-3.5,て
-6.5,と
-4.5,お
-3.5,ま
-3.5,わ
-1.5,り
-3.5,し
-4.5,た
-3.5,り
-0.5,お
-0.5,め
-3.5,あ
-0.5,て
-1.5,の
-3.5,ふ
-5.5,く
-1.5,ほ
-1.5,し
-3.5,い
-3.5,の
3.5,あ
3.5,と
-1.5,す
3.5,こ
1.5,し
-0.5,の
-1.5,が
1.5,ま
1.5,ん
0.5,な
0.5,の
-6.5,つ
3.5,よ
0.5,い
-1.5,お
-3.5,も
-4.5,い
-3.5,わ
-4.5,ぜっ
-4.5,たい
3.5,か
0.5,な
-3.5,う
-3.5,よ
-6.5,そ
-3.5,れ
-3.5,も
-3.5,じょ
-1.5,し
-0.5,りょ
1.5,く
-3.5,で
3.5,しょ
-5.5,がん
-1.5,ばっ
1.5,て
4.5,ゆ
3.5,こ
-0.5,い
1.5,そ
3.5,が
3.5,し
-0.5,ま
1.5,い
3.5,に
3.5,ち
3.5,た
4.5,の
3.5,し
0.5,も
0.5,い
6.5,つ
4.5,か
1.5,え
3.5,が
4.5,お
4.5,に
6.5,な
4.5,る
3.5,と
4.5,い
-0.5,い
-0.5,ね
-5.5,どん
-1.5,な
1.5,と
4.5,き
3.5,も
-0.5,こ
1.5,お
3.5,か
3.5,い
-0.5,し
1.5,た
3.5,く
3.5,ない
3.5,わ
4.5,た
6.5,し
4.5,に
3.5,な
4.5,る
3.5,た
1.5,め
-0.5,に
-3.5,わ
-0.5,く
1.5,わ
3.5,く
-0.5,し
1.5,た
-0.5,い
-3.5,た
-1.5,か
-0.5,ら
-0.5,も
-0.5,の
4.5,ど
3.5,こ
-0.5,に
4.5,あ
3.5,る
-0.5,の
4.5,も
3.5,をっ
-0.5,と
4.5,さ
3.5,が
-0.5,そ
-0.5,お
-2.0,へい
-2.0,ぼん
-2.0,な
-2.0,ひ
-7.0,び
-7.0,に
-7.0,あ
-2.0,き
-7.0,ちゃ
-2.0,っ
-3.0,た
-2.0,の
0.0,な
2.0,ら
2.0,こ
0.0,こ
-2.0,ろ
-3.0,き
-2.0,が
0.0,え
-5.0,て
-5.0,あ
-3.0,そ
-2.0,び
2.0,に
0.0,ゆ
0.0,こ
-2.0,み
2.0,ん
0.0,な
0.0,で
-2.0,ご
-2.0,き
-2.0,げん
-2.0,な
-2.0,みゅ
-7.0,う
-7.0,じっく
-7.0,き
-5.0,こ
-7.0,え
-2.0,る
-3.0,み
-2.0,ら
0.0,い
2.0,の
2.0,さ
3.0,い
5.0,し
5.0,ん
5.0,え
7.0,り
-2.0,あ
-5.0,い
-2.0,ち
-5.0,ば
3.0,ん
2.0,の
0.0,り
-2.0,し
-3.0,よ
-2.0,お
-2.0,ちゃ
5.0,あ
5.0,む
-2.0,ぽ
-3.0,いん
5.0,と
5.0,わ
5.0,と
6.0,び
2.0,き
0.0,り
-2.0,の
-2.0,すまい
-2.0,と
0.0,も
2.0,だ
-5.0,ち
-5.0,み
2.0,ん
2.0,な
-7.0,あ
-7.0,つ
2.0,まっ
2.0,て
2.0,か
5.0,ね
3.0,お
2.0,な
-2.0,ら
2.0,し
0.0,た
0.0,ら
-2.0,み
2.0,ら
0.0,く
2.0,る
3.0,どり
5.0,ま
-2.0,に
0.0,じ
2.0,い
3.0,ろ
5.0,に
5.0,か
5.0,が
7.0,や
5.0,く
2.0,ゆ
0.0,め
-2.0,お
-2.0,み
-2.0,つ
10.0,け
9.0,に
5.0,ゆ
5.0,こ
-2.0,き
-3.0,ら
-2.0,き
0.0,ら
-2.0,と
0.0,き
2.0,め
3.0,い
2.0,た
-2.0,ら
-5.0,お
-2.0,も
2.0,い
0.0,の
-2.0,ま
0.0,ま
-6.0,た
7.0,の
5.0,しん
2.0,じゃ
5.0,え
5.0,き
5.0,み
5.0,と
7.0,な
5.0,ら
2.0,ど
0.0,こ
-2.0,ま
-2.0,で
-2.0,も
10.0,ゆ
9.0,け
5.0,る
5.0,よ
-2.0,お
-3.0,わ
-2.0,ら
0.0,な
-2.0,い
0.0,も
2.0,の
3.0,が
2.0,た
-2.0,り
-5.0,す
5.0,た
3.0,と
2.0,し
0.0,よ
0.0,お
-2.0,ぷ
-2.0,り
-3.0,ぱ
-2.0,ら
0.0,ど
2.0,り
0.0,む
-2.0,ぱ
-2.0,れど
-6.0,ま
-4.0,ち
-1.0,こ
-2.0,が
-4.0,れ
-6.0,た
-6.0,き
-8.0,せ
-4.0,つ
-6.0,が
-8.0,く
-6.0,る
-9.0,ど
-8.0,こ
-1.0,に
-2.0,で
-4.0,か
-6.0,け
1.0,よ
0.0,お
0.0,な
3.0,つ
4.0,の
-4.0,だ
-1.0,い
-2.0,あ
-1.0,り
-6.0,う
-4.0,み
-1.0,に
-2.0,ゆ
-4.0,こ
-6.0,お
-6.0,や
-8.0,ま
-4.0,が
-6.0,い
-8.0,い
-6.0,の
-9.0,か
-8.0,み
-1.0,あ
-2.0,わ
-4.0,ない
-6.0,ふ
1.0,た
0.0,り
0.0,ま
3.0,じ
4.0,もん
-4.0,だ
-1.0,い
-2.0,あ
-1.0,り
-1.0,そ
1.0,お
-1.0,ぞ
6.0,お
-1.0,し
1.0,て
-1.0,み
6.0,て
-1.0,な
1.0,つ
3.0,わ
4.0,やっ
3.0,ぱ
4.0,り
6.0,う
3.0,み
1.0,で
-1.0,しょ
-1.0,み
1.0,ず
3.0,ぎ
-1.0,に
-1.0,き
-2.0,が
-4.0,え
-6.0,た
-6.0,わ
1.0,た
-1.0,し
3.0,ひ
4.0,と
3.0,り
4.0,じ
3.0,め
4.0,に
4.0,し
3.0,た
4.0,い
3.0,で
6.0,しょ
-1.0,な
1.0,つ
6.0,の
-1.0,き
6.0,み
-1.0,と
6.0,め
4.0,ら
3.0,め
1.0,ら
-1.0,し
1.0,げ
4.0,き
3.0,て
1.0,き
3.0,な
1.0,こ
-1.0,い
1.0,も
-1.0,よ
3.0,お
-6.0,う
-6.0,み
-6.0,よ
-4.0,り
-1.0,ふ
1.0,か
3.0,い
4.0,あ
6.0,い
-1.0,じょ
-2.0,お
-1.0,に
-1.0,お
-1.0,ぼ
6.0,れ
6.0,て
4.0,み
3.0,た
4.0,い
6.0,な
8.0,つ
6.0,や
8.0,す
6.0,み
-1.0,な
1.0,つ
6.0,の
-1.0,き
6.0,み
-1.0,と
6.0,は
4.0,ら
3.0,は
1.0,ら
-1.0,と
1.0,ろ
4.0,け
3.0,そ
1.0,お
3.0,な
1.0,こ
-1.0,い
1.0,ご
-1.0,こ
3.0,ろ
-4.0,い
-6.0,ち
-6.0,ど
-4.0,か
-1.0,ぎ
1.0,り
3.0,の
4.0,な
6.0,つ
-1.0,だ
-2.0,か
-1.0,ら
6.0,ふ
6.0,た
-1.0,り
-1.0,で
4.0,と
3.0,び
4.0,こ
6.0,ん
3.0,で
-1.0,み
1.0,よっ
-1.0,か
6.0,さ
6.0,ま
6.0,ば
6.0,け
6.0,しょん
6.0,らぶ
-5.0,ひ
-5.0,み
-3.0,つ
-3.0,の
-3.0,と
-1.0,び
0.0,ら
-4.0,お
-4.0,あ
-5.0,け
-7.0,よ
-5.0,お
-8.0,は
-10.0,ず
-12.0,か
-13.0,し
-5.0,が
0.0,ら
0.0,な
-3.0,い
-3.0,で
-5.0,そ
-5.0,こ
-3.0,わ
-5.0,す
-3.0,て
-1.0,き
0.0,な
0.0,わん
2.0,だ
0.0,らんど
-5.0,だ
-5.0,れ
-3.0,も
-3.0,が
-3.0,み
-1.0,た
0.0,こ
-4.0,と
-4.0,ない
-5.0,よ
-7.0,お
-5.0,な
-8.0,わ
-10.0,た
-12.0,し
-13.0,だ
-5.0,け
0.0,の
0.0,せ
2.0,か
0.0,い
-5.0,めい
-3.0,きん
0.0,ぐ
2.0,し
4.0,よ
0.0,お
-3.0,と
-3.0,も
-3.0,だ
-3.0,ち
-5.0,み
0.0,つ
0.0,け
2.0,て
0.0,さ
-3.0,そ
0.0,をっ
5.0,た
2.0,ら
-3.0,そ
-1.0,れ
0.0,わ
0.0,うん
-7.0,め
-8.0,い
-7.0,の
-7.0,す
0.0,て
2.0,え
2.0,じ
0.0,え
0.0,つ
2.0,な
-3.0,が
-3.0,る
-3.0,さい
0.0,こ
2.0,お
5.0,の
4.0,ぱ
2.0,す
4.0,ぽ
5.0,お
4.0,と
-5.0,ゆ
4.0,め
2.0,わ
2.0,か
0.0,な
2.0,え
0.0,る
-5.0,も
4.0,の
2.0,ちゃん
2.0,す
0.0,に
2.0,つ
4.0,な
7.0,げ
-1.0,よ
0.0,お
0.0,あ
-1.0,こ
0.0,が
2.0,れ
4.0,て
0.0,る
5.0,あ
4.0,い
2.0,ど
0.0,る
0.0,め
0.0,ざ
2.0,し
2.0,て
2.0,みん
2.0,な
0.0,で
2.0,い
0.0,い
-5.0,しょ
4.0,に
2.0,き
2.0,せ
0.0,き
2.0,お
4.0,こ
7.0,そ
-1.0,お
0.0,よ
0.0,き
-1.0,ら
0.0,き
2.0,ら
4.0,か
4.0,が
0.0,や
0.0,き
2.0,だ
0.0,す
0.0,ぷ
-1.0,り
0.0,ぱ
2.0,ら
2.0,ふぁん
0.0,た
0.0,じ
-2.0,あ
5.0,す
5.0,お
5.0,ま
3.0,だ
1.0,しん
0.0,じ
1.0,て
0.0,る
-4.0,か
-4.0,ら
-4.0,こ
-2.0,こ
5.0,ろ
3.0,つ
3.0,な
5.0,ぎ
8.0,い
5.0,ま
3.0,お
3.0,い
5.0,き
-2.0,る
-3.0,か
-3.0,す
-4.0,か
-3.0,な
-1.0,ひ
-6.0,か
-4.0,り
-3.0,に
-3.0,き
-3.0,ぼ
-1.0,お
-3.0,と
-4.0,な
-6.0,ず
-8.0,け
-6.0,て
1.0,だ
1.0,い
2.0,じ
1.0,に
-6.0,ぎゅっ
-6.0,と
-1.0,だき
-3.0,し
-4.0,め
-3.0,た
-1.0,ん
-1.0,だ
-3.0,ぼ
-3.0,く
-4.0,ら
-3.0,わ
-1.0,げん
-6.0,かい
-4.0,なん
-3.0,て
-3.0,み
-3.0,と
-1.0,め
-3.0,ちゃ
-4.0,い
-6.0,な
-8.0,い
-6.0,よ
1.0,こ
1.0,こ
2.0,ろ
1.0,が
-6.0,う
-6.0,ご
-6.0,け
-3.0,ば
-1.0,み
1.0,ら
-1.0,い
-1.0,わ
-1.0,か
2.0,わ
1.0,る
1.0,お
-1.0,も
4.0,い
1.0,ね
-1.0,が
4.0,う
-6.0,で
1.0,じゃ
1.0,ぶ
1.0,お
-1.0,い
1.0,か
-4.0,け
-8.0,さ
-6.0,あ
-3.0,ふ
-1.0,み
-3.0,だ
1.0,せ
5.0,さ
5.0,め
5.0,ない
3.0,ゆ
6.0,め
5.0,の
5.0,ほ
5.0,てっ
5.0,た
3.0,び
1.0,ね
0.0,つ
0.0,の
0.0,な
-2.0,か
0.0,ぼ
1.0,く
-7.0,ら
5.0,あ
5.0,き
5.0,れ
5.0,る
3.0,く
6.0,ら
5.0,い
5.0,ぜん
5.0,りょ
5.0,く
3.0,で
1.0,きょ
3.0,お
3.0,お
8.0,あ
6.0,が
5.0,く
5.0,ひ
5.0,と
5.0,り
5.0,じゃ
3.0,な
6.0,い
5.0,よ
5.0,そ
5.0,の
5.0,こ
5.0,え
3.0,が
1.0,み
0.0,ち
-2.0,び
0.0,い
-2.0,く
0.0,ほ
-7.0,お
0.0,え
1.0,は
3.0,し
0.0,れ
-2.0,ね
-2.0,く
5.0,す
5.0,てっぷ
-2.0,ね
-2.0,く
5.0,す
5.0,てじ
4.0,ぼ
8.0,く
5.0,ら
3.0,お
5.0,ま
0.0,つ
0.0,つ
0.0,ぎ
0.0,の
0.0,ば
1.0,しょ
0.0,ま
-2.0,で
0.0,こ
0.0,こ
0.0,ろ
0.0,か
1.0,さ
0.0,ね
-2.0,て
0.0,うん
0.0,めい
1.0,こ
0.0,え
-2.0,て
0.0,い
0.0,ま
0.0,お
0.0,い
1.0,き
3.0,ぬ
5.0,け
-2.0,ど
-2.0,か
-2.0,ど
-2.0,か
-2.0,ば
-2.0,か
-2.0,ば
-2.0,か
-2.0,が
1.0,ま
-2.0,ん
1.0,な
-2.0,ん
1.0,て
-2.0,し
1.0,た
-2.0,く
1.0,な
-2.0,い
1.0,そ
-2.0,お
-4.0,で
-2.0,しょ
-2.0,こ
-2.0,ら
-2.0,こ
-2.0,ら
-2.0,お
-2.0,ら
-2.0,お
-2.0,ら
-2.0,い
1.0,く
-2.0,よ
1.0,と
-2.0,つ
1.0,げ
-2.0,き
1.0,わん
1.0,つう
1.0,だっ
1.0,だっ
1.0,だっ
1.0,だっ
1.0,だっ
1.0,だっ
1.0,だっ
1.0,だっ
-5.0,き
2.0,み
0.0,の
-7.0,し
0.0,せ
-2.0,ん
5.0,わ
5.0,た
-2.0,し
-3.0,だ
-2.0,け
2.0,し
3.0,いっ
5.0,て
-2.0,る
-5.0,あ
2.0,い
0.0,ず
5.0,う
5.0,け
2.0,と
0.0,をっ
-2.0,て
-5.0,い
-3.0,く
-2.0,よ
-5.0,ひ
-3.0,み
-2.0,つ
-2.0,の
-3.0,せ
-2.0,か
0.0,い
5.0,じゃ
3.0,こ
2.0,こ
0.0,か
-2.0,ら
-7.0,あ
-2.0,つ
0.0,い
-7.0,あ
-2.0,つ
0.0,い
0.0,ぼ
2.0,く
-2.0,ら
0.0,の
-7.0,め
-2.0,ぐ
0.0,り
-7.0,め
-2.0,ぐ
0.0,る
0.0,す
2.0,と
-2.0,お
-2.0,り
5.0,た
5.0,か
5.0,ま
3.0,る
2.0,む
0.0,ね
0.0,の
2.0,こ
3.0,ど
2.0,お
-2.0,き
-3.0,み
-5.0,に
-3.0,も
-2.0,き
0.0,か
2.0,せ
3.0,よ
0.0,お
-7.0,あ
-2.0,つ
0.0,い
-7.0,あ
-2.0,つ
0.0,い
0.0,ぼ
2.0,く
-2.0,ら
0.0,の
-7.0,お
-2.0,も
0.0,い
-7.0,え
-2.0,が
0.0,く
0.0,す
2.0,と
-2.0,お
-2.0,り
5.0,ど
5.0,き
5.0,ど
3.0,き
2.0,が
0.0,と
0.0,ま
2.0,ら
3.0,な
2.0,い
-5.0,は
-3.0,ちゃ
-2.0,め
0.0,ちゃ
5.0,き
5.0,み
5.0,に
-2.0,す
-3.0,と
-2.0,ら
0.0,い
-2.0,く
-3.0,ばっ
0.0,ち
0.0,り
0.0,きょ
-2.0,お
-3.0,も
-5.0,みん
-3.0,な
-7.0,か
-3.0,わ
-3.0,い
2.0,く
0.0,ね
0.0,いっ
2.0,ぽ
0.0,あ
2.0,が
0.0,れ
-5.0,ば
0.0,ひ
-2.0,ろ
-3.0,が
-7.0,る
-3.0,そ
-3.0,れ
-3.0,ぞ
-2.0,れ
-2.0,の
-3.0,す
-5.0,て
-3.0,え
-5.0,じ
-3.0,ぴっ
0.0,た
0.0,り
0.0,きょ
-2.0,お
-3.0,も
-5.0,みん
-3.0,な
-7.0,つ
-3.0,な
-3.0,がっ
4.0,て
0.0,る
0.0,お
2.0,な
0.0,じ
2.0,ゆ
0.0,め
-5.0,み
0.0,て
2.0,る
4.0,こ
5.0,と
5.0,ゆ
5.0,う
3.0,き
0.0,に
-2.0,な
-4.0,る
0.0,よ
0.0,お
-2.0,ち
0.0,こ
5.0,ん
3.0,だ
0.0,り
0.0,じ
-2.0,し
-4.0,ん
0.0,な
-2.0,く
-4.0,な
-2.0,る
3.0,と
1.0,き
0.0,も
0.0,あ
-2.0,る
-4.0,け
-4.0,ど
-7.0,て
0.0,と
-2.0,て
3.0,つ
0.0,な
0.0,ぎ
-2.0,な
-4.0,み
-2.0,だ
0.0,お
7.0,ふっ
4.0,と
2.0,ばし
0.0,ちゃ
0.0,え
-7.0,こ
5.0,え
4.0,も
2.0,き
7.0,ぼ
4.0,も
2.0,か
0.0,さ
-3.0,ね
0.0,て
-7.0,ひゃ
2.0,く
0.0,ぱ
-2.0,せん
5.0,と
4.0,の
4.0,す
0.0,ま
-5.0,い
-3.0,る
-7.0,と
5.0,き
4.0,が
2.0,と
7.0,ま
4.0,る
2.0,く
0.0,ら
-3.0,い
0.0,の
-3.0,ひ
-5.0,か
-7.0,り
2.0,は
4.0,な
5.0,て
7.0,うぃ
4.0,あ
5.0,わん
-7.0,と
5.0,き
4.0,め
2.0,き
7.0,ぜっ
4.0,たい
2.0,み
0.0,つ
-3.0,け
0.0,よ
-7.0,み
2.0,ん
0.0,な
-2.0,こ
5.0,きゅ
4.0,お
4.0,あ
5.0,わ
7.0,せ
9.0,て
-7.0,こ
5.0,こ
4.0,か
2.0,ら
7.0,いっ
4.0,ぽ
2.0,す
0.0,す
-3.0,め
0.0,ば
-2.0,き
0.0,み
5.0,も
3.0,ひ
5.0,か
7.0,る
9.0,うぃ
7.0,あ
5.0,わ
-3.0,こ
-3.0,と
-5.0,ば
-3.0,なん
0.0,て
-8.0,い
-7.0,ら
-3.0,な
-5.0,い
-5.0,か
-8.0,ら
-3.0,す
-3.0,れ
-5.0,ち
-3.0,が
0.0,う
2.0,た
4.0,だ
0.0,そ
0.0,れ
3.0,だ
2.0,け
0.0,で
-3.0,さ
-3.0,き
-5.0,ば
-3.0,し
0.0,る
-8.0,き
-7.0,も
-3.0,ち
-5.0,い
-5.0,さ
-1.0,え
-3.0,い
4.0,つ
2.0,も
4.0,と
2.0,お
2.0,り
0.0,い
-3.0,な
-3.0,つ
-5.0,か
-3.0,し
0.0,い
-8.0,め
-7.0,ろ
-3.0,でぃ
-5.0,い
-5.0,い
-8.0,に
-3.0,お
-3.0,も
-5.0,い
-3.0,で
0.0,が
2.0,ふ
4.0,と
0.0,よ
0.0,み
3.0,が
2.0,え
0.0,る
-3.0,む
-3.0,ね
-5.0,の
-3.0,お
0.0,く
-8.0,し
-7.0,め
-3.0,つ
-5.0,け
-1.0,た
-3.0,に
4.0,ぶ
2.0,い
0.0,い
-1.0,た
-1.0,み
0.0,い
-5.0,あい
0.0,の
2.0,ゆあ
4.0,ふぃい
2.0,りん
-1.0,き
2.0,ず
0.0,い
-1.0,て
0.0,る
-3.0,あ
-1.0,な
0.0,た
-3.0,に
4.0,とっ
2.0,て
-1.0,わ
0.0,が
2.0,ま
-1.0,ま
5.0,だっ
4.0,て
4.0,だ
2.0,け
2.0,ど
-1.0,こ
7.0,の
-1.0,お
-1.0,も
0.0,い
-3.0,と
-5.0,め
-7.0,ら
-5.0,れ
-3.0,な
4.0,い
4.0,の
2.0,お
0.0,も
7.0,え
5.0,あ
4.0,が
2.0,る
4.0,べい
5.0,び
4.0,べい
0.0,び
2.0,ぷり
0.0,ず
4.0,べい
5.0,び
4.0,べい
0.0,び
2.0,ぷり
0.0,ず
-5.0,こ
-5.0,の
4.0,て
2.0,お
5.0,つ
5.0,な
4.0,い
2.0,だ
2.0,ら
4.0,あ
0.0,お
2.0,お
4.0,べい
5.0,び
4.0,べい
0.0,び
2.0,ぷり
0.0,ず
4.0,べい
5.0,び
4.0,べい
0.0,び
2.0,ぷり
0.0,ず
-5.0,つ
-5.0,よ
0.0,く
-1.0,に
0.0,ぎっ
-1.0,て
0.0,え
0.0,い
7.0,つ
5.0,の
4.0,ひ
2.0,か
4.0,べい
5.0,び
4.0,べい
0.0,び
2.0,ぷり
0.0,ず
4.0,べい
5.0,び
4.0,べい
0.0,び
2.0,ぷり
0.0,ず
-5.0,く
-5.0,ち
4.0,び
2.0,る
5.0,か
5.0,さ
7.0,ね
5.0,た
5.0,ら
4.0,あ
0.0,お
2.0,お
4.0,べい
5.0,び
4.0,べい
0.0,び
2.0,ぷり
0.0,ず
7.0,べい
0.0,び
-1.0,べい
0.0,び
0.0,ぷ
2.0,り
4.0,ず
0.0,あ
-1.0,か
-1.0,く
-1.0,そ
4.0,まっ
2.0,て
0.0,え
0.0,く
-3.0,あ
-3.0,りっ
-3.0,た
-4.0,け
-3.0,の
-1.0,あい
-4.0,らぶ
-8.0,ゆ
-3.0,み
-3.0,の
-3.0,ら
-3.0,な
-4.0,かっ
-3.0,た
-1.0,まい
-4.0,ふぁす
-8.0,らぶ
-6.0,き
-3.0,み
-3.0,わ
-3.0,い
-8.0,つ
-1.0,で
-3.0,も
-7.0,ま
-6.0,もっ
-4.0,て
-3.0,く
-1.0,れ
-3.0,た
-1.0,あ
-5.0,け
-3.0,ん
-3.0,か
-3.0,も
-4.0,し
-3.0,た
-1.0,け
-4.0,れ
-8.0,ど
-3.0,だ
-3.0,か
-3.0,ら
-3.0,こ
-4.0,そ
-3.0,し
-1.0,ん
1.0,ゆ
-4.0,う
-6.0,な
-4.0,ん
-3.0,で
-3.0,も
-4.0,ぜ
-1.0,ん
-3.0,ぶ
-3.0,わ
-3.0,か
-1.0,ち
-3.0,あ
-4.0,っ
-3.0,た
0.0,い
0.0,しょ
0.0,に
0.0,す
-1.0,ご
-3.0,し
0.0,た
-1.0,ひ
-5.0,び
-5.0,わ
-3.0,ず
-1.0,う
0.0,と
-5.0,わ
-3.0,た
-5.0,し
-3.0,た
-1.0,ち
0.0,お
-1.0,さ
0.0,さ
2.0,え
4.0,て
2.0,る
2.0,よ
-3.0,は
-1.0,る
0.0,か
0.0,ぜ
0.0,き
2.0,ら
4.0,り
2.0,あ
2.0,り
2.0,が
4.0,と
5.0,お
7.0,ぜっ
7.0,たい
7.0,わ
5.0,す
4.0,れ
2.0,な
0.0,い
0.0,め
-1.0,も
0.0,りず
0.0,か
5.0,が
4.0,や
2.0,く
0.0,お
2.0,も
-1.0,い
0.0,で
2.0,が
5.0,あ
4.0,ふ
4.0,れ
2.0,だ
4.0,す
-3.0,む
-1.0,ね
0.0,きゅ
0.0,ん
0.0,し
2.0,た
4.0,り
2.0,おお
2.0,な
2.0,き
4.0,し
5.0,て
7.0,いっ
7.0,ぱい
7.0,か
5.0,た
4.0,り
2.0,あっ
1.0,た
2.0,よ
4.0,ね
4.0,き
5.0,み
4.0,わ
2.0,ず
0.0,う
2.0,と
4.0,た
5.0,い
4.0,せ
2.0,つ
0.0,な
2.0,べす
0.0,と
-1.0,まい
0.0,ふれんど
4.0,は
5.0,あ
4.0,と
5.0,が
4.0,た
2.0,の
0.0,は
0.0,な
-1.0,び
0.0,ら
2.0,わ
2.0,え
2.0,い
4.0,え
5.0,ん
4.0,の
2.0,し
2.0,る
4.0,し
1.0,ね
2.0,え
4.0,が
5.0,お
4.0,で
2.0,て
0.0,お
-5.0,ふ
2.0,ろ
-1.0,げっ
1.0,だんす
1.0,ぷ
1.0,り
-1.0,ぱ
1.0,ら
-4.0,きょ
-4.0,わ
1.0,もっ
3.0,と
1.0,だす
-4.0,か
1.0,が
1.0,や
-1.0,く
1.0,よ
-4.0,む
-4.0,ね
-4.0,の
1.0,れ
3.0,いん
1.0,ぼ
1.0,と
1.0,き
6.0,め
6.0,き
5.0,の
3.0,ね
1.0,ば
1.0,らんど
-4.0,いつ
-4.0,か
-4.0,か
-4.0,な
-2.0,え
-4.0,たい
-9.0,も
-9.0,の
-7.0,そ
-7.0,れ
-7.0,じゃ
-2.0,み
0.0,た
1.0,せ
0.0,ない
-4.0,も
-4.0,の
-6.0,ど
-4.0,き
-2.0,ど
0.0,き
1.0,な
-3.0,め
-3.0,ろ
-4.0,でぃ
-6.0,が
-6.0,も
-4.0,お
-2.0,す
-4.0,ぐ
-6.0,き
-6.0,こ
-7.0,え
-6.0,る
-4.0,よ
-4.0,け
-4.0,し
-4.0,て
-4.0,な
-4.0,く
-2.0,せ
-4.0,ない
-9.0,も
-9.0,の
-7.0,こ
-7.0,れ
-7.0,わ
-2.0,ゆ
0.0,ず
1.0,れ
0.0,ない
-2.0,も
-2.0,の
-2.0,れっつ
0.0,すたと
-4.0,み
3.0,ら
1.0,く
0.0,る
1.0,な
-7.0,ゆ
-6.0,じょ
1.0,わ
0.0,ふぉ
1.0,え
1.0,ば
-5.0,どりむ
-4.0,おぶ
-2.0,らいぶ
1.0,す
1.0,な
1.0,お
3.0,な
1.0,き
0.0,も
-2.0,ち
-4.0,が
0.0,い
-7.0,よ
1.0,ね
-6.0,こ
-4.0,と
-2.0,ば
-2.0,じゃ
0.0,は
1.0,か
3.0,れ
5.0,ない
3.0,みゅ
1.0,じっく
-2.0,の
-2.0,が
-2.0,せ
-4.0,な
-2.0,い
0.0,ね
1.0,い
1.0,ま
1.0,す
1.0,ぐ
0.0,はっ
1.0,ぴ
3.0,でいず
-4.0,だ
-4.0,き
5.0,し
3.0,め
3.0,た
3.0,い
-4.0,くり
1.0,すた
3.0,れいん
3.0,ぼ
1.0,しゃ
1.0,わ
1.0,え
3.0,が
5.0,く
6.0,よ
5.0,しゅ
3.0,でぃん
1.0,すた
1.0,あ
0.0,こ
1.0,が
3.0,れ
-4.0,か
-4.0,なう
-4.0,す
3.0,て
2.0,じ
3.0,ま
5.0,で
-2.0,う
0.0,ん
1.0,めい
1.0,の
1.0,た
3.0,く
5.0,と
6.0,で
5.0,しょ
3.0,たいむ
-4.0,くろ
1.0,ぜ
3.0,と
3.0,あ
1.0,け
1.0,て
0.0,ま
1.0,ぶ
3.0,し
3.0,み
5.0,らい
6.0,え
-2.0,か
0.0,み
1.0,あい
0.0,ど
1.0,る
-4.0,だっ
3.0,て
1.0,なっ
3.0,て
4.0,み
3.0,せ
1.0,る
3.0,か
1.0,あ
1.0,ら
-3.0,か
-1.0,か
0.0,え
-1.0,き
0.0,れ
-1.0,な
0.0,い
-1.0,ほ
-3.0,ど
-5.0,ふ
-5.0,く
-3.0,ら
-3.0,む
-3.0,こ
-1.0,こ
0.0,ろ
-1.0,に
0.0,み
2.0,み
4.0,お
2.0,す
0.0,ま
-1.0,せ
-3.0,て
0.0,い
-3.0,た
-7.0,ふ
-7.0,み
0.0,だ
-1.0,し
-5.0,た
-5.0,た
-8.0,び
-5.0,じ
-8.0,の
-5.0,な
-5.0,か
-3.0,で
0.0,で
0.0,あ
0.0,え
2.0,た
0.0,き
2.0,せ
2.0,き
2.0,わ
4.0,あ
-3.0,ぐ
4.0,ぜん
5.0,じゃ
4.0,な
2.0,い
-3.0,め
0.0,の
2.0,まえ
4.0,に
-3.0,ひ
0.0,ろ
2.0,がっ
4.0,て
-3.0,ゆ
0.0,く
2.0,か
0.0,が
-3.0,や
-5.0,き
-3.0,お
-3.0,ひ
4.0,と
-3.0,つ
-3.0,の
-5.0,こ
-3.0,さ
-1.0,ず
0.0,う
2.0,け
4.0,と
4.0,め
4.0,て
-3.0,ま
0.0,よい
2.0,や
4.0,こ
-3.0,か
0.0,い
2.0,だっ
4.0,て
-3.0,め
0.0,お
2.0,そ
4.0,ら
2.0,さ
0.0,ず
-3.0,に
-8.0,ど
-7.0,ん
0.0,な
-7.0,み
-5.0,ち
2.0,の
0.0,り
2.0,も
4.0,こ
4.0,え
4.0,て
4.0,ゆ
5.0,け
4.0,る
2.0,と
-5.0,お
0.0,も
-1.0,え
0.0,た
-3.0,ぼ
0.0,く
2.0,ら
4.0,の
-3.0,か
0.0,な
2.0,で
4.0,る
-3.0,め
0.0,ろ
2.0,でぃ
4.0,が
-3.0,か
0.0,さ
2.0,なっ
4.0,て
-3.0,せ
0.0,かい
2.0,じゅ
4.0,に
-3.0,ひ
0.0,ろ
2.0,が
4.0,る
-3.0,お
-1.0,もい
0.0,お
-1.0,つ
0.0,よ
2.0,く
4.0,だ
2.0,き
0.0,し
-1.0,め
-3.0,た
-5.0,な
-3.0,ら
-8.0,ど
-3.0,こ
-5.0,ま
-3.0,で
-3.0,も
-1.0,ゆ
0.0,け
2.0,る
4.0,あ
-8.0,お
-3.0,き
-1.0,ざ
0.0,り
-1.0,の
-3.0,ほ
-3.0,ほ
-5.0,か
-7.0,す
0.0,め
0.0,て
-1.0,お
-1.0,ち
0.0,て
-1.0,い
-3.0,く
-3.0,れい
-5.0,に
-5.0,ない
-7.0,む
-5.0,ね
-3.0,の
-3.0,お
-4.0,く
-3.0,ま
-1.0,で
-1.0,さ
-3.0,す
-1.0,の
0.0,わ
-3.0,も
2.0,や
0.0,め
0.0,に
2.0,し
-1.0,て
-8.0,く
-3.0,ち
-1.0,ぐ
0.0,せ
-1.0,の
-3.0,よ
-3.0,な
-5.0,こ
-7.0,と
0.0,ば
0.0,お
-1.0,さ
-1.0,え
0.0,ぎ
2.0,る
-5.0,と
2.0,い
4.0,き
4.0,じゃ
0.0,あ
2.0,り
4.0,ふ
5.0,れ
2.0,た
-1.0,こ
-1.0,い
0.0,の
2.0,お
4.0,わ
2.0,り
0.0,に
-3.0,と
-1.0,ら
0.0,わ
-1.0,れ
-3.0,る
-5.0,だ
-3.0,け
-5.0,うん
-3.0,めい
2.0,に
-3.0,ゆ
-5.0,め
0.0,み
0.0,た
-6.0,ふ
-5.0,た
-3.0,り
-2.0,の
0.0,み
-3.0,ら
-5.0,い
-7.0,わ
-5.0,き
-3.0,っ
-2.0,と
0.0,も
-2.0,い
-3.0,ち
-2.0,ど
-2.0,ま
0.0,じ
2.0,わ
2.0,る
2.0,こ
4.0,と
2.0,わ
2.0,な
1.0,い
2.0,け
4.0,ど
-3.0,そん
0.0,ふぉ
2.0,ゆ
4.0,が
-3.0,あ
-3.0,ね
4.0,まっ
5.0,す
4.0,ぐ
2.0,な
-1.0,う
-1.0,た
0.0,ご
2.0,え
-5.0,に
2.0,の
2.0,せ
4.0,た
4.0,ら
-3.0,ふ
-1.0,み
0.0,だ
-3.0,して
0.0,い
4.0,こ
2.0,お
2.0,そ
2.0,れ
4.0,ぞ
5.0,れ
4.0,の
2.0,すた
4.0,と
4.0,お
-3.0,らい
0.0,ふぉ
2.0,み
4.0,が
-3.0,あ
-3.0,ね
4.0,と
5.0,め
4.0,い
2.0,な
0.0,ち
-1.0,ず
0.0,に
2.0,ひ
7.0,ろ
5.0,げ
5.0,た
7.0,な
4.0,ら
-3.0,す
-1.0,が
0.0,お
-3.0,の
0.0,ま
4.0,ま
2.0,で
-5.0,こ
2.0,え
0.0,て
-1.0,ゆ
-3.0,け
-3.0,る
-3.0,ま
-3.0,ち
2.0,がい
2.0,さ
4.0,が
5.0,し
4.0,わ
5.0,も
0.0,お
0.0,や
2.0,り
-5.0,あ
-5.0,き
0.0,た
-3.0,の
-3.0,い
-2.0,え
0.0,な
0.0,い
-2.0,ま
-3.0,ま
-2.0,の
-2.0,い
0.0,た
2.0,み
2.0,だっ
4.0,て
5.0,か
5.0,ま
4.0,わ
4.0,ない
-8.0,い
-1.0,つ
0.0,か
0.0,ら
0.0,た
0.0,ち
0.0,ど
-1.0,ま
-3.0,っ
-5.0,て
-5.0,し
-5.0,まっ
-10.0,た
-7.0,の
-8.0,だ
-10.0,ろ
-8.0,お
-8.0,だ
-1.0,れ
0.0,よ
0.0,り
0.0,つ
0.0,よ
-1.0,く
-3.0,な
-5.0,る
-5.0,と
-5.0,ち
4.0,か
4.0,っ
2.0,た
0.0,の
-1.0,に
-5.0,ぬ
0.0,ぐ
0.0,え
0.0,ない
-1.0,か
0.0,こ
-5.0,け
0.0,し
0.0,さ
0.0,る
0.0,よ
2.0,お
0.0,に
-5.0,お
0.0,い
0.0,か
0.0,け
0.0,つ
-1.0,ず
0.0,け
0.0,る
-5.0,や
4.0,く
4.0,そ
2.0,く
0.0,の
-1.0,ば
0.0,しょ
0.0,え
-5.0,そ
0.0,ら
0.0,に
0.0,ま
0.0,じ
-1.0,わ
0.0,る
-5.0,ふ
0.0,た
0.0,つ
0.0,の
0.0,ほ
2.0,し
0.0,が
-3.0,と
-1.0,も
0.0,に
0.0,み
0.0,ち
-1.0,び
0.0,か
2.0,れ
-3.0,き
0.0,み
4.0,と
2.0,な
2.0,ら
4.0,ど
2.0,ん
2.0,な
-5.0,み
-3.0,ち
-1.0,で
-5.0,も
2.0,こ
0.0,え
0.0,て
-1.0,ゆ
-1.0,け
0.0,る
0.0,よ
-3.0,か
-3.0,わ
-1.0,し
0.0,た
-3.0,き
4.0,ず
2.0,な
2.0,が
4.0,ち
2.0,か
2.0,ら
0.0,に
5.0,な
4.0,っ
2.0,て
0.0,と
0.0,き
0.0,は
2.0,な
0.0,っ
7.0,て
0.0,や
0.0,み
0.0,お
2.0,さ
0.0,い
7.0,て
0.0,ふ
0.0,た
0.0,り
2.0,が
0.0,め
7.0,ざ
5.0,す
5.0,ほ
4.0,し
2.0,え
0.0,こ
0.0,の
0.0,せ
2.0,か
0.0,い
7.0,が
0.0,お
0.0,わ
0.0,る
2.0,ま
0.0,で
7.0,わ
0.0,と
0.0,も
0.0,に
2.0,た
0.0,た
7.0,か
7.0,い
7.0,つ
9.0,ず
7.0,け
4.0,る
0.0,なん
0.0,ど
7.0,も
0.0,なん
0.0,ど
7.0,も
0.0,た
0.0,ち
7.0,あ
5.0,が
4.0,る
2.0,か
4.0,ら
4.0,ま
2.0,え
4.0,お
2.0,み
4.0,て
2.0,と
4.0,ま
2.0,ら
5.0,な
4.0,い
2.0,で
-5.0,あ
0.0,の
0.0,そ
-1.0,ら
0.0,え
-1.0,ど
0.0,れ
2.0,だ
4.0,け
2.0,く
4.0,じ
2.0,け
4.0,そ
2.0,お
4.0,に
2.0,な
4.0,っ
5.0,て
2.0,も
-1.0,ふ
-1.0,り
0.0,か
2.0,え
0.0,る
2.0,こ
0.0,と
2.0,わ
0.0,も
2.0,お
0.0,で
2.0,き
4.0,な
0.0,い
-3.0,ひ
-3.0,か
-1.0,り
0.0,さ
0.0,え
0.0,も
0.0,と
0.0,ど
0.0,か
-1.0,な
0.0,い
-1.0,ば
-3.0,しょ
-5.0,で
-3.0,た
-3.0,く
-1.0,し
0.0,て
-3.0,く
-1.0,れ
0.0,た
-1.0,ね
-1.0,が
0.0,い
2.0,お
-1.0,む
0.0,ね
2.0,に
0.0,つ
0.0,よ
2.0,く
4.0,だ
5.0,き
4.0,し
2.0,め
0.0,て
-3.0,こ
-3.0,こ
-1.0,か
0.0,ら
0.0,さ
4.0,と
2.0,び
5.0,た
4.0,と
4.0,お
2.0,お
-5.0,そ
0.0,れ
2.0,で
4.0,も
5.0,ぼ
7.0,く
0.0,ら
0.0,わ
2.0,あ
0.0,る
-1.0,い
2.0,て
2.0,い
5.0,く
4.0,ん
0.0,だ
-12.0,ど
-5.0,お
-5.0,し
-5.0,て
-5.0,そ
-5.0,ん
-3.0,な
-5.0,に
-12.0,じ
-5.0,ぶん
-5.0,ば
0.0,か
-1.0,り
0.0,せ
-1.0,める
-5.0,の
-5.0,た
-5.0,め
-7.0,い
-7.0,き
-8.0,だ
-8.0,け
-7.0,が
-8.0,ひ
-10.0,び
-10.0,く
-10.0,へ
-12.0,や
-8.0,で
-5.0,あ
-1.0,の
0.0,ひ
-12.0,だ
-5.0,れ
-5.0,か
-5.0,の
-5.0,せ
-5.0,い
-3.0,に
-5.0,わ
-12.0,も
-5.0,お
-5.0,し
-5.0,た
0.0,く
-1.0,な
0.0,い
2.0,と
-1.0,か
-1.0,が
-1.0,み
0.0,の
-5.0,め
-7.0,い
-8.0,ろ
-8.0,に
4.0,に
2.0,げ
2.0,こ
0.0,ん
0.0,だ
-5.0,ま
0.0,る
0.0,で
0.0,ま
-1.0,い
-3.0,ご
-3.0,の
-5.0,よを
-5.0,に
-5.0,つ
0.0,な
0.0,い
0.0,で
0.0,た
2.0,は
0.0,ず
2.0,の
4.0,て
2.0,の
4.0,お
4.0,ぬ
4.0,く
4.0,も
4.0,り
4.0,お
5.0,い
4.0,か
2.0,け
0.0,て
-5.0,ふ
-3.0,り
-1.0,む
0.0,き
2.0,も
0.0,せ
-5.0,ず
-5.0,に
-5.0,あ
-4.0,し
3.0,た
3.0,お
0.0,め
2.0,ざ
3.0,し
2.0,た
-5.0,ど
0.0,お
2.0,す
4.0,れ
5.0,ば
4.0,い
2.0,い
2.0,の
2.0,ど
0.0,お
-1.0,し
-1.0,た
0.0,い
-5.0,の
-5.0,な
0.0,に
2.0,が
4.0,せ
5.0,い
4.0,か
2.0,い
2.0,で
2.0,ま
0.0,ち
2.0,が
2.0,い
4.0,な
4.0,の
-5.0,た
0.0,と
2.0,うぇ
4.0,こ
5.0,の
7.0,さ
0.0,き
0.0,が
2.0,い
0.0,き
-1.0,ど
2.0,ま
2.0,り
5.0,で
4.0,も
0.0,ね
-8.0,え
-7.0,らん
0.0,だ
0.0,み
2.0,ち
0.0,に
2.0,じ
3.0,ぶ
2.0,ん
0.0,に
0.0,こ
7.0,お
0.0,か
0.0,い
0.0,し
-1.0,た
0.0,く
2.0,ない
0.0,ん
0.0,だ
0.0,う
0.0,ん
0.0,め
-1.0,い
0.0,と
-5.0,い
0.0,え
2.0,ば
4.0,お
2.0,お
2.0,げ
0.0,さ
0.0,で
0.0,ぐ
0.0,う
0.0,ぜ
-1.0,ん
0.0,と
-5.0,い
0.0,え
2.0,ば
0.0,う
-5.0,そ
-5.0,に
-9.0,な
-8.0,る
0.0,ほん
0.0,の
0.0,ち
-1.0,さ
0.0,な
-5.0,ひ
0.0,つ
2.0,ぜ
4.0,ん
5.0,か
2.0,さ
4.0,ね
0.0,て
-1.0,い
0.0,ま
-5.0,わ
-8.0,み
-7.0,ら
-5.0,い
0.0,わ
2.0,つ
0.0,く
4.0,ら
2.0,れ
2.0,て
0.0,い
-1.0,く
0.0,か
2.0,ら
4.0,は
4.0,て
4.0,し
-5.0,な
-5.0,い
5.0,み
5.0,ら
4.0,い
4.0,お
2.0,え
0.0,が
4.0,い
2.0,て
2.0,なん
2.0,だ
-5.0,あ
-5.0,て
4.0,か
4.0,な
4.0,う
5.0,き
4.0,が
2.0,し
0.0,て
-1.0,た
0.0,あ
0.0,の
0.0,こ
-1.0,ろ
0.0,の
0.0,み
0.0,つ
0.0,け
-1.0,た
0.0,ら
-5.0,な
4.0,ん
5.0,ど
2.0,で
0.0,も
2.0,さ
2.0,ゆ
4.0,め
5.0,に
2.0,は
4.0,し
5.0,り
4.0,だ
2.0,そ
0.0,お
-5.0,あ
-5.0,おい
-3.0,そ
-5.0,ら
-5.0,せ
-5.0,み
0.0,し
-1.0,ぐ
-3.0,れ
-5.0,が
-3.0,みん
-5.0,みん
-5.0,と
-5.0,ひ
-8.0,び
-7.0,い
-5.0,て
-7.0,ま
-8.0,ち
-7.0,わ
-7.0,ど
-7.0,た
0.0,ば
2.0,た
-1.0,てん
-3.0,や
-3.0,わ
-1.0,ん
-3.0,や
-5.0,で
-5.0,お
-5.0,ば
-3.0,ちゃん
-5.0,が
-5.0,き
-5.0,せ
0.0,て
-1.0,く
0.0,れ
2.0,た
-1.0,ぼ
-5.0,たん
-5.0,の
-8.0,ゆ
-5.0,か
-3.0,た
-2.0,な
-3.0,つ
-8.0,か
-5.0,し
-7.0,く
-7.0,て
4.0,お
5.0,も
4.0,わ
5.0,ず
2.0,あ
0.0,ふ
-1.0,れ
2.0,だ
0.0,し
0.0,た
-1.0,な
2.0,み
0.0,だ
-5.0,い
-8.0,そ
-5.0,が
-8.0,し
-5.0,い
-3.0,が
-1.0,く
0.0,ち
-8.0,ぐ
-8.0,せ
-5.0,で
-7.0,れ
-8.0,ん
-7.0,ら
-8.0,く
-7.0,も
-7.0,し
0.0,な
0.0,かっ
-1.0,た
-3.0,の
-1.0,に
-5.0,ね
-5.0,か
-8.0,わ
-5.0,ら
-8.0,な
-5.0,い
-5.0,み
-2.0,ん
-3.0,な
-2.0,が
-3.0,い
-5.0,る
-5.0,あ
-5.0,あ
-7.0,う
-8.0,れ
-7.0,し
0.0,ね
-5.0,さ
0.0,あ
2.0,な
4.0,つ
2.0,お
4.0,は
2.0,じ
4.0,め
2.0,よ
4.0,は
4.0,て
4.0,し
-5.0,な
-5.0,い
5.0,ゆ
5.0,め
4.0,お
4.0,え
2.0,が
0.0,い
4.0,て
2.0,た
2.0,お
2.0,さ
2.0,ない
-5.0,ひ
-5.0,の
4.0,ぼ
4.0,く
4.0,ら
5.0,が
4.0,わ
2.0,ら
0.0,っ
-1.0,て
0.0,て
0.0,お
0.0,ひっ
-1.0,ぱ
0.0,り
0.0,ひ
0.0,み
0.0,つ
-1.0,き
0.0,ち
-3.0,い
4.0,ま
5.0,だっ
2.0,て
5.0,ど
5.0,き
4.0,ど
4.0,き
0.0,す
0.0,る
2.0,ね
4.0,ま
4.0,ぶ
4.0,し
-5.0,く
-5.0,らい
5.0,か
5.0,が
4.0,や
4.0,い
2.0,て
0.0,い
4.0,た
2.0,よ
2.0,な
2.0,ん
2.0,だ
-5.0,っ
-5.0,て
4.0,か
4.0,な
4.0,う
5.0,き
4.0,が
2.0,し
0.0,て
-1.0,た
0.0,よ
0.0,み
0.0,が
-1.0,え
0.0,る
0.0,だ
0.0,く
0.0,む
-1.0,ね
0.0,に
-3.0,さ
4.0,い
5.0,た
2.0,の
0.0,わ
2.0,そ
2.0,ぴゅ
4.0,あ
5.0,で
2.0,む
4.0,く
5.0,な
4.0,え
2.0,が
0.0,お
2.0,き
0.0,み
2.0,が
0.0,い
2.0,れ
5.0,ば
2.0,ど
0.0,ん
2.0,な
0.0,ゆ
2.0,め
5.0,も
5.0,つ
7.0,か
2.0,め
2.0,る
0.0,か
0.0,ら
-2.0,あ
-5.0,だ
-2.0,れ
0.0,に
2.0,も
5.0,ま
7.0,ね
2.0,で
2.0,き
0.0,な
0.0,い
2.0,い
1.0,ただ
1.0,ひ
0.0,と
-2.0,つ
5.0,き
-2.0,ら
-2.0,めく
0.0,しゃい
2.0,にん
0.0,す
-2.0,た
-7.0,く
-9.0,や
-7.0,し
-6.0,さ
-7.0,に
-6.0,ま
-4.0,た
-4.0,な
-6.0,み
-4.0,だ
-2.0,し
1.0,た
3.0,よ
0.0,る
-4.0,も
-2.0,が
-4.0,む
-2.0,しゃ
-4.0,ら
-2.0,に
-4.0,す
-6.0,す
-4.0,ん
-7.0,だ
-7.0,あ
-6.0,め
-7.0,の
-6.0,ひ
1.0,も
1.0,か
1.0,ぜ
-1.0,の
-3.0,ひ
-4.0,も
-7.0,ひ
-9.0,と
-7.0,り
-6.0,ぼ
-7.0,っ
-6.0,ち
-4.0,じゃ
-4.0,きっ
-6.0,と
-4.0,み
-2.0,つ
1.0,か
3.0,ら
0.0,な
-4.0,い
-2.0,だ
-4.0,れ
-2.0,か
-4.0,の
-2.0,や
-4.0,さ
-2.0,し
0.0,さ
1.0,で
3.0,い
1.0,ま
5.0,こ
3.0,こ
0.0,に
0.0,い
1.0,る
-7.0,ずっ
1.0,と
1.0,き
0.0,え
-2.0,な
-4.0,い
-2.0,の
-2.0,あ
-4.0,つ
-2.0,い
-4.0,き
-6.0,も
-6.0,ち
-6.0,が
-4.0,ま
-7.0,た
-7.0,そっ
1.0,と
3.0,て
1.0,ら
0.0,す
1.0,の
-2.0,わ
-4.0,わ
-2.0,た
1.0,し
-4.0,と
1.0,き
6.0,み
5.0,の
3.0,み
1.0,ら
1.0,い
1.0,の
3.0,お
3.0,ち
1.0,ず
5.0,だ
3.0,よ
2.0,き
0.0,み
2.0,が
0.0,い
2.0,れ
5.0,ば
2.0,ど
0.0,ん
2.0,な
0.0,ゆ
2.0,め
5.0,も
5.0,つ
7.0,か
2.0,め
2.0,る
0.0,か
2.0,ら
-5.0,あ
-2.0,き
-5.0,ら
-2.0,め
2.0,ない
2.0,で
0.0,え
-5.0,こ
3.0,の
5.0,て
3.0,つ
2.0,な
2.0,ぎ
-2.0,め
0.0,ざ
2.0,そ
3.0,お
2.0,よ
2.0,き
0.0,み
2.0,だ
0.0,け
2.0,し
5.0,か
2.0,で
0.0,き
2.0,な
0.0,い
2.0,こ
5.0,と
5.0,た
7.0,く
2.0,さ
2.0,ん
0.0,あ
0.0,る
-2.0,う
-5.0,だ
-2.0,れ
0.0,に
2.0,も
5.0,ま
7.0,ね
2.0,で
2.0,き
0.0,な
0.0,い
2.0,い
1.0,ただ
1.0,ひ
0.0,と
-2.0,つ
5.0,き
-2.0,ら
-2.0,めく
0.0,しゃい
2.0,にん
0.0,す
-2.0,た
-7.0,な
-5.0,ん
-7.0,に
-5.0,で
-7.0,も
-5.0,きょ
-7.0,お
-5.0,み
-7.0,お
-7.0,も
-7.0,っ
-5.0,て
-7.0,ち
-5.0,ら
-7.0,か
-5.0,す
-7.0,だ
-5.0,け
-7.0,ち
-5.0,ら
-7.0,か
-7.0,し
-7.0,ちゃっ
-5.0,て
-2.0,あ
-3.0,つい
-5.0,き
-7.0,も
-7.0,ち
-5.0,こ
-7.0,じ
-10.0,れ
-7.0,だ
-5.0,い
-7.0,じ
-5.0,に
-7.0,し
-5.0,す
-7.0,ぎ
-5.0,て
-7.0,か
-7.0,く
-7.0,し
-5.0,た
-7.0,ほ
-5.0,お
-7.0,せ
-5.0,き
-7.0,み
-5.0,た
-7.0,い
-5.0,な
-7.0,お
-7.0,も
-7.0,い
-5.0,わ
-2.0,く
-3.0,ら
-2.0,や
-3.0,み
0.0,さ
-2.0,ま
-3.0,よ
-5.0,っ
-7.0,て
-5.0,る
-2.0,あ
0.0,い
-2.0,しゅ
0.0,う
-2.0,さ
0.0,え
-2.0,も
0.0,に
-2.0,あ
0.0,わ
2.0,な
0.0,い
-5.0,ゆ
-2.0,め
0.0,な
-2.0,ら
-5.0,せ
-7.0,め
-10.0,て
-5.0,ね
-2.0,い
0.0,ち
-2.0,ど
0.0,く
-2.0,ら
0.0,い
-2.0,な
0.0,い
-2.0,て
0.0,さ
2.0,けん
0.0,で
2.0,う
2.0,ち
0.0,ひ
2.0,し
0.0,が
2.0,れ
0.0,た
2.0,い
-10.0,あ
-5.0,こ
-2.0,が
5.0,れ
2.0,ま
0.0,ち
2.0,がう
5.0,わ
3.0,た
2.0,し
3.0,い
-3.0,い
-3.0,ま
-3.0,わ
-2.0,こ
0.0,れ
-2.0,で
2.0,いい
-10.0,き
-5.0,み
-2.0,お
5.0,み
2.0,つ
0.0,め
2.0,る
5.0,た
3.0,び
2.0,に
3.0,い
-2.0,だ
-2.0,い
-2.0,じ
-3.0,な
0.0,も
0.0,の
0.0,ほ
-2.0,ど
2.0,か
2.0,く
2.0,せ
0.0,な
5.0,く
-2.0,な
0.0,る
2.0,わ
2.0,こ
0.0,こ
2.0,ろ
0.0,が
2.0,い
0.0,ま
0.0,ひ
2.0,ら
0.0,け
2.0,そ
0.0,お
5.0,み
3.0,て
2.0,こん
0.0,な
-2.0,わ
-3.0,た
-5.0,し
-5.0,き
-5.0,み
-7.0,だ
3.0,け
2.0,が
0.0,い
-2.0,つ
0.0,も
2.0,そっ
-5.0,と
2.0,そっ
-5.0,と
-5.0,せ
-7.0,な
-2.0,か
-5.0,お
3.0,お
2.0,し
0.0,て
-2.0,く
0.0,れ
2.0,そ
2.0,の
0.0,や
2.0,さ
0.0,し
2.0,さ
2.0,う
2.0,ち
0.0,ひ
2.0,し
0.0,が
2.0,れ
0.0,て
2.0,い
-10.0,き
-5.0,み
-2.0,が
5.0,こ
2.0,こ
0.0,に
2.0,い
5.0,る
3.0,か
2.0,ら
3.0,あ
-3.0,す
-3.0,べ
-3.0,て
-2.0,が
0.0,り
-2.0,あ
2.0,る
-10.0,き
-5.0,ず
-2.0,つ
5.0,い
2.0,て
0.0,わ
2.0,さ
5.0,ま
3.0,よ
2.0,い
3.0,い
-2.0,お
-2.0,も
-2.0,い
-3.0,に
0.0,お
0.0,も
0.0,い
-2.0,お
2.0,か
2.0,さ
2.0,ね
0.0,た
5.0,じゅ
-2.0,うぇ
0.0,る
2.0,が
2.0,こ
0.0,こ
2.0,ろ
0.0,お
2.0,ぎゅ
0.0,っ
0.0,と
2.0,ひ
0.0,と
2.0,つ
0.0,に
2.0,ふ
0.0,の
2.0,か
0.0,ん
2.0,じょ
0.0,お
0.0,さ
2.0,え
0.0,つ
2.0,つん
0.0,で
2.0,た
0.0,め
2.0,に
0.0,た
2.0,め
0.0,た
0.0,な
2.0,み
0.0,だ
2.0,さ
0.0,え
5.0,い
3.0,ま
2.0,か
0.0,が
-2.0,や
-3.0,か
-5.0,す
-7.5,め
-7.5,ぐ
-6.5,り
-6.5,あ
-4.5,え
-7.5,た
-7.5,こ
-6.5,と
-6.5,そ
-4.5,の
-4.5,き
-11.5,せ
-4.5,き
0.5,お
-0.5,と
0.5,き
-0.5,ど
-2.5,き
-0.5,ぼ
0.5,く
-0.5,ら
-2.5,わ
0.5,わす
-11.5,れ
-11.5,て
-11.5,し
-9.5,ま
-7.5,う
-7.5,ね
-7.5,すい
-6.5,へい
-4.5,せん
-7.5,なん
-7.5,ど
-6.5,で
-4.5,も
-4.5,あ
-11.5,さ
-4.5,ひ
0.5,わ
-0.5,の
0.5,ぼ
-0.5,る
-2.5,よ
-0.5,み
0.5,ん
-0.5,な
-2.5,の
0.5,こ
-11.5,ころ
-11.5,の
-11.5,な
-9.5,か
-7.5,に
-11.5,も
-7.5,あ
-0.5,り
-0.5,が
-0.5,と
-0.5,い
-0.5,そ
-2.5,が
-0.5,し
0.5,い
-11.5,あ
-11.5,さ
-9.5,も
-7.5,い
-11.5,ち
-0.5,ばん
-0.5,に
-0.5,お
-0.5,は
-2.5,よ
-0.5,お
2.5,お
0.5,と
0.5,ど
-0.5,け
-2.5,て
-4.5,く
-6.5,れ
-6.5,る
-4.5,か
-2.5,ら
0.5,げん
-0.5,き
-2.5,で
-4.5,た
-4.5,よ
-2.5,そ
-2.5,の
-0.5,こ
0.5,と
0.5,だ
-2.5,け
-2.5,で
0.5,きょ
2.5,お
4.5,も
4.5,い
5.5,ち
4.5,に
2.5,ち
-4.5,し
-4.5,あ
2.5,わ
0.5,せ
4.5,だ
4.5,どん
4.5,な
4.5,に
4.5,な
2.5,い
0.5,た
4.5,あ
2.5,と
1.5,お
2.5,も
-0.5,き
0.5,み
2.5,の
2.5,こ
2.5,え
2.5,お
2.5,き
4.5,け
5.5,ば
5.5,い
4.5,つ
0.5,も
4.5,ふ
4.5,し
4.5,ぎ
4.5,に
5.5,だ
4.5,い
4.5,じょ
2.5,ぶ
1.5,と
2.5,お
0.5,お
0.5,も
2.5,え
0.5,る
4.5,よ
2.5,な
0.5,ん
4.5,で
0.5,まい
7.5,ひ
4.5,ろ
4.5,ね
4.5,き
4.5,み
4.5,の
5.5,そ
4.5,の
4.5,こ
2.5,え
2.5,が
0.5,と
-0.5,ど
-0.5,い
-0.5,て
-0.5,く
-0.5,る
0.5,か
2.5,ら
2.5,きょう
0.5,だ
2.5,っ
4.5,て
7.5,こん
7.5,な
5.5,に
5.5,わ
4.5,らっ
2.5,て
2.5,い
-0.5,ら
-4.5,れ
0.5,る
0.5,こ
-0.5,え
0.5,の
3.5,ま
2.5,ほ
0.5,お
0.5,だ
0.5,と
0.5,く
-0.5,べ
0.5,つ
2.5,な
-1.5,こ
-1.5,と
2.5,い
2.5,わ
2.5,な
2.5,く
0.5,た
-1.5,っ
0.5,て
-0.5,ど
5.5,ん
5.5,な
5.5,こ
3.5,と
1.5,ば
0.5,で
-3.5,も
-3.5,き
-1.5,み
0.5,の
2.5,こ
-1.5,え
-1.5,で
-1.5,き
5.5,け
4.5,る
0.5,な
0.5,ら
0.5,い
7.5,いん
7.5,だ
5.5,あ
-7.5,あ
-0.5,り
-0.5,が
-0.5,と
-0.5,ね
-2.5,む
-0.5,れ
0.5,ない
-11.5,よ
-11.5,る
-9.5,も
-7.5,め
-11.5,え
-0.5,お
-0.5,と
-0.5,じ
-0.5,そ
-0.5,の
-2.5,こ
-0.5,え
2.5,お
0.5,き
0.5,い
-0.5,て
-2.5,る
-4.5,う
-6.5,ち
-6.5,に
-4.5,ふっ
-2.5,と
0.5,げん
-0.5,き
-2.5,で
-4.5,た
-4.5,よ
-2.5,そ
-2.5,の
-0.5,お
0.5,と
0.5,だ
-2.5,け
-2.5,で
0.5,む
2.5,ね
4.5,が
4.5,いっ
5.5,ぱ
4.5,い
2.5,だ
-4.5,こ
-4.5,ん
2.5,な
0.5,に
4.5,も
-3.5,し
-3.5,あ
3.5,わ
1.5,せ
5.5,だ
-2.0,い
-2.0,つ
-2.0,も
-3.0,の
-3.0,お
0.0,は
-3.0,よ
0.0,お
-2.0,で
-3.0,さ
-2.0,え
-2.0,あ
5.0,た
3.0,り
2.0,ま
-2.0,え
-5.0,じゃ
-7.0,な
0.0,く
-2.0,て
-5.0,す
-2.0,て
-5.0,き
-2.0,な
-5.0,き
-2.0,せ
0.0,き
2.0,だっ
3.0,た
2.0,ん
-2.0,だ
0.0,ね
-2.0,す
-2.0,こ
-2.0,し
-3.0,て
-3.0,れ
0.0,く
-3.0,さ
0.0,い
-2.0,け
-3.0,れ
-2.0,ど
-2.0,ちゃ
5.0,ん
3.0,と
2.0,つ
-2.0,た
-5.0,え
-7.0,た
0.0,い
-2.0,よ
-5.0,き
3.0,み
2.0,に
-2.0,あ
-7.0,り
0.0,が
-2.0,と
-2.0,ひ
0.0,と
2.0,り
-5.0,よ
-5.0,り
-5.0,ふ
2.0,た
0.0,り
0.0,で
-3.0,ふ
-2.0,た
0.0,り
0.0,よ
5.0,り
3.0,も
2.0,み
0.0,ん
-2.0,な
2.0,で
3.0,つ
2.0,な
-2.0,い
-5.0,だ
-5.0,き
-2.0,ず
2.0,な
0.0,わ
0.0,そ
-2.0,い
0.0,つ
1.0,ま
0.0,で
1.0,も
1.0,か
0.0,わ
1.0,ら
1.0,ない
1.0,め
3.0,も
1.0,り
3.0,あ
5.0,る
0.0,は
2.0,じ
4.0,め
0.0,て
7.0,の
7.0,ど
7.0,き
5.0,ど
4.0,き
2.0,お
0.0,も
-5.0,い
0.0,だ
7.0,し
7.0,て
4.0,な
5.0,に
7.0,も
0.0,か
0.0,も
4.0,か
5.0,が
7.0,や
0.0,い
0.0,て
-5.0,む
-3.0,て
-1.0,き
0.0,に
4.0,だっ
4.0,て
5.0,な
4.0,れ
2.0,た
0.0,こ
2.0,れ
4.0,か
0.0,ら
7.0,も
7.0,どん
5.0,な
4.0,み
2.0,ら
0.0,い
-5.0,が
0.0,き
7.0,て
7.0,も
4.0,お
5.0,も
7.0,い
0.0,で
0.0,わ
4.0,む
5.0,ね
7.0,の
0.0,な
0.0,か
-3.0,き
-3.0,ら
-1.0,き
0.0,ら
-3.0,き
4.0,ら
5.0,め
4.0,い
2.0,て
0.0,い
-1.0,る
0.0,よ
-4.0,い
2.0,つ
0.0,ま
-2.0,で
0.0,も
-5.0,ずっ
0.0,と
-4.0,ぷ
-4.0,り
2.0,ぱ
0.0,ら
-2.0,ど
0.0,りむ
5.0,え
-2.0,が
-2.0,お
-2.0,で
3.0,ち
-4.0,い
-4.0,ず
-4.0,ぴ
0.0,い
1.0,す
0.0,さ
1.0,い
3.0,ん
1.0,な
3.0,ら
5.0,べ
-2.0,せ
-2.0,つ
-2.0,な
1.0,の
0.0,と
-4.0,き
-7.0,お
-2.0,か
-2.0,け
-2.0,が
1.0,え
3.0,の
5.0,な
0.0,い
-4.0,と
-7.0,き
-2.0,お
-2.0,えい
1.0,えん
1.0,に
1.0,の
1.0,こ
3.0,し
5.0,た
5.0,い
3.0,い
1.0,お
1.0,きん
1.0,だ
5.0,さん
3.0,しゃい
-4.0,き
-4.0,ら
-4.0,き
-4.0,ら
3.0,ぐっ
1.0,でい
1.0,な
0.0,や
1.0,む
0.0,と
1.0,き
0.0,も
-2.0,あ
-2.0,る
-2.0,け
-4.0,れ
-4.0,ど
1.0,い
1.0,ま
1.0,よ
5.0,り
3.0,も
3.0,す
6.0,き
5.0,に
3.0,な
1.0,る
0.0,わ
1.0,た
0.0,し
1.0,ら
0.0,し
1.0,く
5.0,ばん
3.0,ばん
1.0,は
-4.0,じ
-3.0,け
-2.0,たい
-4.0,た
-4.0,め
-4.0,い
-4.0,き
-4.0,ば
-6.0,か
-7.0,り
-9.0,の
-7.0,そん
-6.0,な
-7.0,ま
-6.0,い
-7.0,に
-9.0,ち
-7.0,たい
-7.0,く
-7.0,つ
-7.0,し
-9.0,て
-11.0,る
-9.0,の
-11.0,ちょ
-9.0,っ
-7.0,ぴり
-4.0,あ
-4.0,ら
-4.0,た
-4.0,な
-4.0,い
-6.0,い
-4.0,ぽ
0.0,ふ
1.0,み
0.0,だ
-4.0,し
-4.0,て
-7.0,み
-4.0,た
-2.0,い
-7.0,み
-4.0,た
-2.0,い
-7.0,ね
-4.0,そ
-7.0,お
-4.0,で
-2.0,しょ
-2.0,ま
-2.0,わ
-2.0,り
-2.0,の
-2.0,こ
-4.0,と
0.0,き
0.0,に
0.0,し
0.0,て
0.0,ちょっ
-2.0,と
-2.0,た
1.0,し
0.0,か
-2.0,め
-4.0,て
-7.0,る
-9.0,す
-9.0,こ
-7.0,し
-6.0,ゆ
-7.0,う
-9.0,き
-6.0,が
-6.0,ほ
-2.0,し
-4.0,い
-7.0,の
-4.0,に
-4.0,み
-2.0,らい
-4.0,ね
-2.0,がい
-4.0,き
-2.0,たい
-2.0,し
1.0,て
-2.0,る
1.0,りょ
1.0,て
1.0,ひ
1.0,ろ
-2.0,げ
1.0,て
3.0,ど
5.0,こ
3.0,ま
1.0,で
3.0,も
1.0,お
1.0,きん
1.0,だ
5.0,さん
3.0,しゃいん
-4.0,き
-4.0,ら
-4.0,き
-4.0,ら
3.0,ぐっ
1.0,でい
1.0,な
0.0,や
1.0,む
0.0,と
1.0,き
0.0,も
-2.0,あ
-2.0,る
-2.0,け
-4.0,れ
-4.0,ど
1.0,い
1.0,ま
1.0,よ
5.0,り
3.0,も
3.0,す
6.0,き
5.0,に
3.0,な
1.0,る
0.0,わ
1.0,た
0.0,し
1.0,ら
0.0,し
1.0,く
1.0,か
5.0,が
5.0,や
3.0,い
3.0,て
1.0,らい
1.0,ふぃ
1.0,ざ
5.0,ぱ
3.0,てぃ
-4.0,き
-4.0,ら
-4.0,き
-4.0,ら
3.0,ぐっ
1.0,でい
1.0,と
0.0,き
1.0,に
0.0,な
1.0,み
0.0,だ
-2.0,こ
-2.0,ぼ
-2.0,れ
-4.0,て
-4.0,も
1.0,い
1.0,ま
1.0,よ
5.0,り
3.0,も
3.0,す
6.0,き
5.0,に
3.0,な
1.0,る
0.0,わ
1.0,た
0.0,し
1.0,ら
0.0,し
1.0,く
5.0,ばん
3.0,ばん
1.0,は
-4.0,じ
-3.0,け
-2.0,たい
-7.0,ね
-7.0,ね
-7.0,そ
-7.0,こ
-10.0,の
-7.0,め
-8.0,ん
-10.0,ず
-10.0,げ
-3.0,ん
-5.0,き
-7.0,た
-10.0,り
-7.0,て
-8.0,な
-10.0,い
-10.0,こ
-10.0,え
-10.0,だし
2.0,も
0.0,っ
2.0,と
0.0,あ
2.0,そん
2.0,で
2.0,わ
-3.0,ら
-5.0,っ
-7.0,て
-10.0,せ
-10.0,か
-7.0,い
-5.0,の
-7.0,ね
-5.0,つ
-7.0,りょ
-5.0,お
-5.0,あ
-4.0,げ
-5.0,て
-7.0,こ
-10.0,す
-7.0,ぽ
-8.0,お
-7.0,つ
-8.0,に
-7.0,が
-8.0,て
-10.0,ど
-7.0,りょ
-8.0,く
-10.0,さ
-10.0,も
-3.0,て
-5.0,の
-7.0,ほ
-10.0,そ
-7.0,ま
-8.0,あ
-10.0,ちょ
-10.0,やま
-10.0,もり
-10.0,の
2.0,しご
0.0,と
2.0,ぜ
2.0,つ
0.0,ぼ
2.0,つ
2.0,か
2.0,れ
-3.0,た
-5.0,ま
-7.0,る
-10.0,い
-10.0,つ
-7.0,か
-5.0,む
-7.0,く
-5.0,わ
-7.0,れ
-5.0,るっ
-5.0,て
-3.0,し
-2.0,ん
-3.0,じ
-2.0,て
-3.0,る
-10.0,お
-10.0,と
2.0,こっ
2.0,て
5.0,た
4.0,い
2.0,へ
0.0,ん
2.0,ね
-10.0,お
-10.0,と
2.0,こっ
2.0,て
5.0,つ
4.0,ら
2.0,い
0.0,の
2.0,ね
6.0,お
2.0,な
2.0,じ
6.0,じゃ
2.0,な
2.0,く
4.0,て
2.0,い
1.0,い
-10.0,や
-10.0,っ
2.0,ぱ
2.0,り
5.0,お
4.0,と
2.0,こ
0.0,っ
2.0,て
5.0,と
3.0,く
2.0,い
0.0,な
0.0,も
0.0,の
0.0,み
0.0,つ
4.0,け
4.0,て
4.0,しょ
2.0,お
1.0,ぶ
2.0,だ
6.0,す
2.0,す
2.0,め
6.0,お
2.0,と
2.0,こ
6.0,お
2.0,り
2.0,じ
6.0,な
2.0,る
2.0,で
5.0,あ
4.0,い
2.0,と
5.0,ゆ
4.0,め
2.0,お
4.0,つ
4.0,ば
4.0,さ
4.0,に
4.0,は
2.0,ば
0.0,た
2.0,け
-3.0,わ
-5.0,ず
0.0,か
-3.0,な
-3.0,ひ
-3.0,か
-2.0,り
-3.0,の
-5.0,な
-7.0,か
-5.0,に
-7.0,し
-7.0,あ
-7.0,わ
-8.0,せ
-7.0,お
-7.0,え
-5.0,が
-3.0,い
-5.0,た
-3.0,ゆ
-5.0,き
0.0,か
-3.0,う
-3.0,き
-3.0,ぼ
-2.0,お
-3.0,や
-5.0,ゆ
-7.0,め
-5.0,わ
-7.0,こ
-7.0,わ
-7.0,れ
0.0,て
-3.0,な
-2.0,い
-3.0,の
-5.0,に
-2.0,か
-3.0,な
-2.0,う
-2.0,よ
-3.0,お
-2.0,に
-3.0,つ
-5.0,よ
-3.0,く
-3.0,ね
-5.0,が
-3.0,う
-3.0,や
-5.0,み
-3.0,の
-3.0,な
-5.0,か
-3.0,に
-3.0,と
-5.0,び
-3.0,こ
-3.0,む
-5.0,た
-3.0,び
-7.0,ふ
-7.0,み
-5.0,だ
-3.0,し
2.0,た
2.0,き
2.0,が
0.0,し
-2.0,て
-3.0,い
0.0,た
0.0,ぜ
0.0,つ
-2.0,ぼ
-3.0,お
-5.0,に
-2.0,ま
-5.0,け
-3.0,た
-2.0,く
0.0,な
-3.0,い
0.0,か
0.0,ら
2.0,あ
2.0,き
4.0,ら
5.0,め
0.0,く
3.0,せ
5.0,か
3.0,い
1.0,が
0.0,しっ
3.0,こ
-2.0,く
1.0,に
3.0,き
1.0,え
0.0,た
-2.0,っ
-4.0,て
5.0,い
7.0,つ
3.0,か
1.0,か
0.0,が
1.0,や
1.0,き
0.0,み
1.0,せ
0.0,る
3.0,ひ
5.0,び
0.0,き
3.0,あ
5.0,わ
3.0,せ
1.0,た
0.0,こ
3.0,ど
-2.0,お
1.0,だ
3.0,け
1.0,お
0.0,た
-2.0,ど
-4.0,をっ
5.0,て
5.0,い
5.0,き
5.0,る
5.0,い
3.0,み
1.0,お
1.0,さ
0.0,が
-2.0,し
0.0,た
1.0,さ
0.0,が
-2.0,し
0.0,た
0.0,だ
1.0,き
3.0,し
5.0,め
3.0,て
1.0,た
5.0,ゆ
3.0,め
5.0,の
3.0,か
1.0,ぎ
3.0,お
1.0,と
1.0,き
3.0,は
4.0,な
3.0,て
1.0,ば
4.0,い
3.0,つ
1.0,か
0.0,わ
-5.0,に
-4.0,じ
-5.0,が
-4.0,う
-5.0,ま
-4.0,れ
-2.0,る
0.0,よ
5.0,に
0.0,き
0.0,み
5.0,と
5.0,か
3.0,な
1.0,え
0.0,ら
-2.0,れ
-3.0,る
-2.0,か
0.0,ら
0.0,た
1.0,し
0.0,か
1.0,な
0.0,み
1.0,らい
0.0,は
1.0,し
3.0,り
5.0,ぬ
4.0,け
2.0,る
2.0,よ
4.0,う
1.0,こ
0.0,わ
-2.0,く
1.0,て
0.0,も
-5.0,い
-3.0,つ
-5.0,も
-12.0,かっ
-8.0,こ
-8.0,つ
-10.0,け
-12.0,て
-12.0,る
-8.0,け
-10.0,ど
-5.0,き
-3.0,み
-5.0,の
-12.0,は
-12.0,に
-8.0,か
-8.0,む
-10.0,か
-12.0,お
-8.0,が
-10.0,すき
-12.0,で
-12.0,み
-10.0,ない
-8.0,ふ
-10.0,り
-12.0,で
-10.0,な
-10.0,が
-10.0,め
-10.0,て
-5.0,た
-8.0,の
-5.0,い
-3.0,つ
-5.0,も
-12.0,き
-12.0,ず
-8.0,か
-8.0,れ
-10.0,な
-12.0,い
-8.0,よ
-10.0,に
-5.0,く
-3.0,そ
-5.0,の
-12.0,な
-12.0,か
-8.0,で
-8.0,ふ
-10.0,た
-12.0,り
-10.0,じゃ
-8.0,れ
-10.0,あっ
-12.0,て
-12.0,ひ
-10.0,と
-8.0,り
-10.0,た
-12.0,の
-10.0,し
-10.0,ん
-10.0,で
-10.0,い
-5.0,る
-8.0,の
-8.0,ふ
-8.0,い
-5.0,の
0.0,あ
0.0,め
0.0,に
0.0,ず
0.0,ぶ
0.0,ぬ
4.0,れ
2.0,の
0.0,き
0.0,み
0.0,と
-3.0,そ
-3.0,ら
-3.0,お
-5.0,な
-5.0,が
-3.0,め
0.0,ひ
0.0,か
0.0,る
0.0,す
0.0,まい
4.0,る
2.0,に
0.0,きゅ
-3.0,ん
0.0,きゅ
-3.0,ん
0.0,し
0.0,ちゃっ
4.0,て
2.0,る
0.0,は
2.0,な
0.0,し
2.0,か
4.0,け
0.0,る
-3.0,た
0.0,び
0.0,た
2.0,か
0.0,な
0.0,り
2.0,が
4.0,と
4.0,ま
2.0,ら
2.0,な
0.0,い
0.0,し
2.0,ず
0.0,く
2.0,が
4.0,は
0.0,じ
-3.0,け
0.0,て
0.0,こ
0.0,い
2.0,の
0.0,お
0.0,と
2.0,に
2.0,な
0.0,る
0.0,な
2.0,が
0.0,れ
2.0,る
4.0,ちん
0.0,も
-3.0,く
0.0,も
0.0,き
0.0,み
2.0,と
0.0,い
0.0,れ
2.0,ば
4.0,は
4.0,れ
2.0,に
2.0,な
0.0,る
0.0,よ
2.0,わ
0.0,む
2.0,し
2.0,の
4.0,わ
4.0,た
0.0,し
-3.0,に
0.0,も
0.0,ちゃん
2.0,す
0.0,お
0.0,く
2.0,だ
2.0,さ
0.0,い
-5.0,す
-1.0,こ
0.0,し
-1.0,は
-3.0,だ
-5.0,ざ
-3.0,む
-5.0,い
-5.0,は
-7.0,る
-8.0,か
-10.0,ぜ
-12.0,に
-10.0,ふ
-8.0,れ
-8.0,た
-5.0,きょ
-1.0,お
0.0,が
2.0,ほ
0.0,ん
-1.0,と
0.0,お
0.0,に
0.0,お
2.0,わ
0.0,か
2.0,れ
0.0,の
2.0,ひ
4.0,な
2.0,ん
0.0,だ
0.0,ね
-5.0,き
0.0,ふ
0.0,る
-1.0,し
-3.0,た
-5.0,ふ
-3.0,く
-5.0,も
-5.0,み
-7.0,わ
-8.0,た
-10.0,す
-12.0,け
-10.0,し
-5.0,き
-8.0,も
-5.0,き
-3.0,い
0.0,と
-5.0,き
-3.0,い
0.0,と
-3.0,き
4.0,み
5.0,と
4.0,の
0.0,お
2.0,も
0.0,い
-1.0,で
0.0,と
-1.0,も
0.0,お
-5.0,い
-5.0,ま
-3.0,す
-5.0,ぐ
-5.0,い
-5.0,え
2.0,た
2.0,な
0.0,ら
-5.0,あ
5.0,す
4.0,か
4.0,ら
-5.0,な
5.0,に
4.0,か
2.0,か
0.0,わ
2.0,る
0.0,か
4.0,な
4.0,な
2.0,ん
0.0,て
-5.0,い
2.0,た
0.0,い
-5.0,で
0.0,も
2.0,そ
4.0,ん
5.0,な
4.0,ゆ
5.0,う
7.0,き
0.0,も
2.0,な
0.0,い
4.0,よ
0.0,ゆ
2.0,ら
4.0,り
0.0,ゆ
2.0,ら
4.0,り
5.0,な
4.0,が
0.0,れ
0.0,る
-5.0,と
-3.0,き
-5.0,お
0.0,も
2.0,っ
4.0,と
0.0,ふ
2.0,た
4.0,り
5.0,か
4.0,ん
0.0,じ
7.0,ら
5.0,れ
4.0,た
5.0,ら
4.0,い
2.0,い
0.0,な
0.0,さ
2.0,よ
4.0,な
0.0,ら
2.0,ま
4.0,で
5.0,す
4.0,ぐ
0.0,そ
0.0,こ
-5.0,な
-3.0,の
0.0,に
4.0,う
5.0,ま
7.0,く
0.0,こ
0.0,と
4.0,ば
2.0,に
-5.0,で
-5.0,き
-5.0,な
4.0,い
5.0,ま
4.0,ま
5.0,き
7.0,み
0.0,お
2.0,み
0.0,て
0.0,た
0.0,い
0.0,つ
0.0,か
0.0,こ
0.0,の
2.0,き
3.0,せ
2.0,つ
0.0,が
-5.0,ま
0.0,たあ
7.0,め
5.0,ぐ
4.0,り
2.0,め
1.0,ぐ
2.0,うっ
1.0,て
1.0,き
2.0,た
4.0,ら
4.0,き
5.0,み
4.0,の
0.0,こ
0.0,と
0.0,き
-5.0,っ
0.0,と
0.0,お
4.0,も
5.0,い
7.0,だ
0.0,し
0.0,て
0.0,し
2.0,ま
2.0,う
0.0,う
0.0,は
2.0,る
4.0,の
5.0,に
4.0,おい
5.0,に
4.0,こ
5.0,が
4.0,れ
9.0,て
4.0,く
2.0,う
-4.0,ね
-11.0,は
-4.0,じ
-6.0,ま
-7.0,り
-9.0,お
-11.0,つ
-9.0,げ
-7.0,た
-11.0,も
-7.0,の
-9.0,が
-11.0,た
-9.0,り
-7.0,の
-7.0,け
-6.0,つ
-4.0,ま
-4.0,つ
-4.0,わ
1.0,ど
0.0,ん
-4.0,な
-6.0,せ
-7.0,か
-11.0,い
-4.0,え
-4.0,が
-6.0,く
-7.0,の
-11.0,だ
-9.0,お
-4.0,く
-11.0,り
-4.0,か
-6.0,え
-7.0,さ
-9.0,れ
-11.0,て
-9.0,ゆ
-7.0,く
-11.0,ぜ
-11.0,つ
-11.0,ぼ
-7.0,お
-9.0,の
-11.0,な
-9.0,か
-7.0,でえ
-7.0,わ
-6.0,ず
-4.0,か
-4.0,な
-4.0,ひ
-4.0,か
-2.0,り
-4.0,お
-2.0,も
0.0,と
1.0,め
-2.0,ぺ
0.0,え
1.0,じ
1.0,お
1.0,め
0.0,くっ
1.0,たあ
1.0,つ
-4.0,ず
-4.0,ら
3.0,れ
1.0,た
1.0,う
-4.0,ん
-4.0,め
3.0,い
1.0,お
1.0,か
0.0,き
-2.0,か
-4.0,え
-4.0,て
-2.0,あ
0.0,が
1.0,き
-4.0,つ
-4.0,ず
3.0,け
1.0,る
1.0,み
-4.0,ら
-4.0,い
1.0,の
3.0,た
1.0,め
3.0,え
-4.0,ぼ
1.0,く
0.0,ら
1.0,わ
3.0,な
3.0,ん
1.0,ど
3.0,で
1.0,も
3.0,さ
5.0,が
-2.0,すん
1.0,だ
1.0,た
3.0,と
1.0,え
3.0,どん
1.0,な
1.0,に
3.0,け
5.0,わ
1.0,し
0.0,く
1.0,て
1.0,も
-2.0,ま
-2.0,だ
0.0,み
1.0,ぬ
0.0,そ
-2.0,ら
-3.0,え
0.0,と
0.0,て
1.0,お
0.0,の
1.0,ば
3.0,し
5.0,て
-4.0,ふ
1.0,り
0.0,そ
1.0,そ
3.0,ぐ
3.0,き
1.0,ぼ
3.0,お
1.0,の
3.0,ひ
5.0,か
-3.0,り
1.0,が
3.0,き
1.0,せ
3.0,き
1.0,お
8.0,お
5.0,こ
3.0,し
1.0,て
-4.0,う
-2.0,ん
0.0,め
1.0,い
0.0,お
-2.0,こ
0.0,え
1.0,る
1.0,み
5.0,ら
5.0,い
6.0,お
5.0,も
3.0,と
3.0,め
1.0,て
-4.0,ど
-4.0,こ
1.0,ま
0.0,で
1.0,も
-7.0,あ
-7.0,し
-7.0,た
-7.0,の
-2.0,ひ
-3.0,か
-2.0,り
0.0,にい
-7.0,お
2.0,び
3.0,え
2.0,な
0.0,い
0.0,で
-2.0,え
-2.0,う
0.0,え
2.0,お
2.0,む
0.0,い
-5.0,て
-3.0,ほ
-2.0,ら
-2.0,み
-2.0,ち
0.0,お
1.0,て
1.0,ら
0.0,す
-2.0,か
-2.0,ら
0.0,あ
-2.0,ぜん
-2.0,れい
-2.0,も
-2.0,けい
-2.0,け
-3.0,ん
-7.0,も
-2.0,あ
-2.0,て
-2.0,は
-2.0,ま
-2.0,ら
-3.0,な
-2.0,い
0.0,か
2.0,ら
-2.0,う
-2.0,し
-2.0,ろ
-2.0,む
-2.0,き
-3.0,の
-2.0,ま
-7.0,ま
-2.0,ま
-2.0,え
-2.0,に
-2.0,む
-2.0,か
-3.0,い
-2.0,す
5.0,す
2.0,む
-2.0,か
-3.0,ん
-2.0,じょ
-3.0,お
-2.0,も
0.0,ひょ
0.0,じょ
-2.0,お
0.0,も
2.0,き
3.0,み
5.0,わ
5.0,つ
3.0,か
2.0,み
0.0,ど
2.0,こ
3.0,ろ
2.0,が
0.0,ない
2.0,ば
0.0,か
-2.0,り
-2.0,かっ
-2.0,て
-3.0,な
-2.0,き
-3.0,た
-2.0,い
0.0,ば
-2.0,か
-2.0,り
-2.0,し
0.0,ちゃ
2.0,う
0.0,か
2.0,く
0.0,し
-2.0,て
0.0,も
0.0,う
2.0,れ
0.0,し
-2.0,い
0.0,と
5.0,え
3.0,が
2.0,お
3.0,に
2.0,なっ
0.0,た
-2.0,り
0.0,こ
2.0,ら
0.0,え
-2.0,て
0.0,も
0.0,か
2.0,な
0.0,し
-2.0,い
0.0,と
1.0,な
0.0,み
-2.0,だ
0.0,が
-2.0,で
-4.0,た
-5.0,り
-9.0,い
-9.0,い
-2.0,たい
-7.0,き
-7.0,き
0.0,たい
2.0,お
3.0,ふ
2.0,れ
2.0,こ
0.0,で
0.0,い
2.0,か
-2.0,な
0.0,か
2.0,ざ
3.0,ら
2.0,ず
3.0,に
2.0,き
3.0,み
2.0,に
-2.0,す
0.0,が
2.0,お
0.0,ぷ
0.0,れ
3.0,ぜん
2.0,と
-7.0,ね
2.0,たん
3.0,じゅん
5.0,に
5.0,い
5.0,い
5.0,た
3.0,い
2.0,こ
3.0,と
5.0,も
5.0,い
5.0,え
5.0,な
3.0,い
2.0,こ
0.0,と
-2.0,も
-2.0,き
-2.0,み
0.0,わ
2.0,ぜん
0.0,ぶ
2.0,お
3.0,か
2.0,まい
0.0,な
-2.0,し
0.0,な
0.0,そぶ
7.0,り
5.0,で
5.0,いっ
5.0,ちゃ
5.0,も
3.0,ん
2.0,だ
3.0,か
5.0,ら
5.0,い
5.0,そ
6.0,な
3.0,や
2.0,む
0.0,の
-2.0,が
-2.0,も
0.0,っ
2.0,たい
3.0,な
2.0,い
3.0,なっ
2.0,て
3.0,お
2.0,も
3.0,え
4.0,て
5.0,さ
5.0,き
5.0,き
5.0,た
3.0,い
2.0,こ
3.0,と
5.0,お
5.0,き
5.0,き
5.0,た
3.0,く
2.0,な
0.0,る
-2.0,よ
-2.0,き
-2.0,み
0.0,え
2.0,の
0.0,き
2.0,も
3.0,ち
2.0,み
0.0,ぶ
-2.0,り
0.0,と
0.0,てぶ
7.0,り
5.0,で
5.0,きい
5.0,て
5.0,く
3.0,れ
2.0,た
3.0,な
5.0,ら
5.0,きっ
5.0,と
6.0,ま
3.0,よ
2.0,わ
0.0,ず
-2.0,に
-2.0,す
0.0,す
2.0,め
3.0,る
2.0,か
3.0,なっ
2.0,て
3.0,お
2.0,も
3.0,え
4.0,て
5.0,さ
-5.0,い
-3.0,の
-2.0,せん
2.0,と
0.0,な
-3.0,い
-2.0,の
0.0,べ
5.0,しょん
-2.0,で
-5.0,き
-3.0,み
-2.0,の
-2.0,こ
-2.0,こ
2.0,ろ
0.0,に
3.0,と
-3.0,ど
-2.0,け
2.0,お
-2.0,あい
-2.0,をん
-2.0,とぅ
-2.0,せい
-2.0,あい
-2.0,ら
-2.0,ぶ
-2.0,ゆ
-3.0,ぶっ
0.0,と
0.0,ば
2.0,せ
4.0,じょ
5.0,し
4.0,き
0.0,お
0.0,み
-1.0,ち
-3.0,の
-3.0,せ
-1.0,か
0.0,い
2.0,え
-1.0,ゆ
0.0,こ
-5.0,め
-5.0,お
-7.0,あ
-8.0,け
-7.0,た
-5.0,ら
-5.0,ひ
0.0,ろ
-1.0,が
-5.0,る
-7.0,ぶら
-8.0,ん
-7.0,にゅ
-5.0,わる
-5.0,ぼ
-1.0,けん
0.0,も
-5.0,ちょ
-1.0,せん
0.0,も
0.0,じ
0.0,ぶん
0.0,し
-1.0,だ
-3.0,い
-5.0,です
-5.0,み
-5.0,た
-7.0,こ
-8.0,と
-7.0,の
-5.0,ない
-5.0,い
0.0,ろ
-1.0,の
-5.0,せ
-7.0,か
-8.0,い
-7.0,な
-5.0,ら
-5.0,だい
-1.0,たん
0.0,に
2.0,ざん
-1.0,しん
0.0,に
0.0,ぬ
0.0,り
0.0,か
0.0,え
-1.0,て
-3.0,み
-1.0,よ
0.0,お
0.0,な
0.0,に
0.0,も
0.0,し
-1.0,な
-3.0,い
-5.0,よ
-3.0,り
-5.0,も
-3.0,な
-3.0,に
-3.0,か
-3.0,や
-5.0,ら
-7.0,か
-8.0,し
-7.0,ちゃ
-5.0,え
-5.0,い
-3.0,め
-7.0,え
-5.0,じ
-3.0,わ
-3.0,め
-1.0,い
-5.0,か
-3.0,く
-1.0,に
0.0,こ
0.0,た
0.0,え
0.0,わ
-3.0,ち
0.0,か
-3.0,く
0.0,に
4.0,あ
2.0,る
-3.0,は
0.0,ちゃ
2.0,め
4.0,ちゃ
2.0,な
0.0,ま
2.0,じっく
2.0,で
4.0,い
5.0,じゃ
4.0,ない
2.0,き
4.0,か
2.0,く
0.0,がい
2.0,だっ
0.0,て
-1.0,もん
0.0,だ
2.0,い
0.0,な
-1.0,い
0.0,さ
-3.0,や
-1.0,ら
0.0,か
-3.0,し
0.0,た
2.0,ら
4.0,と
4.0,り
2.0,ま
-1.0,そ
0.0,お
2.0,り
2.0,き
4.0,み
2.0,に
0.0,ま
2.0,じ
2.0,で
4.0,い
5.0,じゃ
4.0,ない
2.0,と
4.0,び
2.0,き
0.0,り
2.0,の
0.0,え
-1.0,が
0.0,お
2.0,が
4.0,み
2.0,た
0.0,い
-3.0,せ
0.0,い
2.0,か
4.0,い
5.0,な
4.0,ん
0.0,て
0.0,つ
-1.0,く
-3.0,れ
-3.0,ば
-1.0,い
0.0,い
2.0,だ
4.0,け
0.0,さ
-3.0,きゅ
0.0,きょ
0.0,く
2.0,の
4.0,み
5.0,た
4.0,い
0.0,けん
0.0,み
-1.0,せ
-3.0,て
-3.0,あ
-1.0,げ
0.0,る
2.0,ず
-1.0,うっ
0.0,と
-7.0,そう
0.0,ぞ
0.0,も
0.0,ひ
0.0,ら
0.0,め
0.0,き
-1.0,も
-8.0,じょ
-3.0,お
-3.0,し
-5.0,き
-8.0,さ
-7.0,え
-5.0,も
-10.0,やっ
-8.0,て
-7.0,み
-3.0,な
-3.0,きゃ
-5.0,わ
-7.0,か
-8.0,ら
-7.0,な
-5.0,い
-8.0,こ
0.0,ろ
-1.0,ん
0.0,だ
0.0,か
2.0,ず
2.0,だ
0.0,け
-8.0,う
0.0,ま
-1.0,れ
0.0,る
0.0,あ
2.0,る
2.0,ご
4.0,り
2.0,ず
0.0,む
2.0,か
0.0,ら
-3.0,き
0.0,み
-3.0,だ
0.0,け
4.0,の
4.0,ま
2.0,ほ
2.0,お
0.0,み
0.0,つ
-1.0,け
0.0,よ
2.0,お
5.0,さい
5.0,こ
5.0,の
3.0,しゅん
3.0,かん
3.0,に
5.0,あい
3.0,に
5.0,こ
-7.0,いっ
-4.0,かい
-7.0,き
-4.0,り
-7.0,の
-4.0,じん
-7.0,せい
-2.0,だ
-4.0,か
-4.0,ら
-4.0,な
-5.0,に
-4.0,し
-4.0,よ
-4.0,いっ
-2.0,かい
-4.0,き
-2.0,り
-4.0,の
-2.0,じん
-4.0,せい
-2.0,な
-4.0,の
0.0,に
0.0,ぼっ
-2.0,と
-2.0,し
0.0,て
-4.0,の
-7.0,ど
-4.0,せ
-4.0,む
-2.0,り
-4.0,だ
-4.0,よ
-7.0,や
-5.0,れ
-4.0,ば
-4.0,で
-2.0,き
-4.0,る
-4.0,よ
-4.0,どっ
-2.0,ち
-4.0,も
-2.0,かん
-4.0,ち
-2.0,がい
0.0,て
0.0,ら
3.0,せ
0.0,さ
-2.0,ち
-4.0,らい
0.0,き
0.0,み
0.0,と
0.0,め
0.0,が
-2.0,あっ
-4.0,て
-4.0,う
-2.0,れ
0.0,し
0.0,みん
0.0,な
0.0,に
0.0,ま
0.0,た
-2.0,あえ
-4.0,て
-4.0,う
-2.0,れ
0.0,し
-2.0,な
-2.0,に
-4.0,げ
-2.0,ない
-4.0,ひ
-2.0,び
-4.0,の
0.0,かん
0.0,ち
0.0,がい
0.0,が
-2.0,い
0.0,と
-2.0,し
0.0,き
0.0,み
0.0,に
0.0,き
-2.0,ら
-2.0,わ
-2.0,れ
-4.0,て
-2.0,か
-2.0,な
0.0,し
0.0,あっ
-2.0,はっ
-4.0,はっ
0.0,はっ
-2.0,は
-4.0,か
-2.0,な
0.0,し
-2.0,さ
-4.0,さ
-4.0,る
-2.0,う
-4.0,う
-2.0,れっ
0.0,との
0.0,う
0.0,え
0.0,で
0.0,お
0.0,ど
3.0,ろ
-4.0,うん
-4.0,が
-2.0,わ
-2.0,る
0.0,い
-2.0,ひと
0.0,も
-4.0,な
-4.0,い
-4.0,て
-2.0,る
0.0,あ
0.0,の
-2.0,こ
0.0,も
0.0,し
0.0,あ
0.0,わ
1.0,せ
0.0,に
0.0,な
-2.0,れ
-2.0,ば
-2.0,いい
-4.0,な
-4.0,いい
-7.0,の
-4.0,に
-2.0,な
4.0,いっ
4.0,と
4.0,しょ
2.0,よ
0.0,り
4.0,じゃっ
4.0,ぽっ
4.0,と
2.0,よ
0.0,り
-1.0,はっ
-5.0,ぴ
-1.0,よ
-1.0,り
-1.0,はっ
-5.0,ぴ
-5.0,よ
-1.0,り
4.0,もっ
5.0,と
4.0,はっ
2.0,ぴ
0.0,な
0.0,ご
0.0,つ
0.0,ご
0.0,しゅ
2.0,ぎ
0.0,で
0.0,ど
7.0,まん
4.0,な
0.0,か
2.0,うっ
0.0,て
4.0,ふぃ
2.0,ば
4.0,ふぃ
2.0,ば
4.0,ふぃ
2.0,ば
4.0,ふぃ
2.0,ば
4.0,ふぃ
0.0,ば
4.0,てん
4.0,もん
4.0,がく
2.0,て
0.0,き
4.0,かく
4.0,り
4.0,つ
4.0,の
2.0,こ
0.0,い
-1.0,らっ
-5.0,き
-1.0,よ
-1.0,り
-1.0,らっ
-5.0,き
-5.0,よ
-1.0,り
4.0,もっ
5.0,と
4.0,らっ
2.0,き
0.0,な
0.0,ざん
0.0,ねん
0.0,な
2.0,ひ
0.0,び
0.0,ゆ
7.0,めい
4.0,ろ
0.0,に
2.0,ぬっ
0.0,て
4.0,ふぃ
2.0,ば
4.0,ふぃ
2.0,ば
4.0,あ
4.0,り
2.0,え
4.0,ほ
2.0,ど
4.0,ふぃ
0.0,ば
5.0,ふぃ
4.0,ば
0.0,あ
0.0,り
0.0,え
2.0,なく
0.0,て
0.0,も
0.0,あ
0.0,た
0.0,り
2.0,まえ
4.0,で
4.0,も
7.0,ぼ
7.0,く
4.0,ら
4.0,わ
2.0,いき
4.0,てい
2.0,るん
0.0,だ
4.0,よ
0.0,た
0.0,し
0.0,か
-3.0,な
0.0,き
0.0,せ
0.0,き
-3.0,が
0.0,こ
0.0,こ
0.0,に
0.0,あ
2.0,る
4.0,よ
4.0,ふぃ
2.0,ば
4.0,ふぃ
2.0,ば
0.0,あ
0.0,り
4.0,えん
2.0,ほ
0.0,ど
2.0,ふぃ
0.0,ば
